Player,Year,Age,PA,OPS,HBP,EVavg,Swing%,Sprint speed,Day to Day,10-day DL,15-day DL,60-day DL,Injured
"Beltran, Carlos",2017,40,509,0.666,3,87.3,47.9,25.3,1.0,0.0,0.0,0.0,Yes
"Pujols, Albert",2017,37,636,0.672,2,88.7,47.1,21.9,3.0,0.0,0.0,0.0,Yes
"Mauer, Joe",2017,34,597,0.801,3,90.6,36.6,26.1,0.0,0.0,0.0,0.0,No
"Cabrera, Miguel",2017,34,529,0.728,3,91.1,50.3,24.9,5.0,0.0,0.0,1.0,Yes
"Phillips, Brandon",2017,36,604,0.735,8,84.6,56.3,26.0,4.0,0.0,0.0,0.0,Yes
"Reyes, José",2017,34,561,0.728,2,84.3,45.2,27.4,0.0,0.0,0.0,0.0,No
"Choo, Shin-Soo",2017,34,636,0.78,7,88.7,42.1,26.2,2.0,0.0,0.0,0.0,Yes
"Molina, Yadier",2017,34,543,0.751,4,87.9,52.7,23.8,4.0,0.0,0.0,1.0,Yes
"Canó, Robinson",2017,34,648,0.791,4,90.3,52.0,24.2,0.0,0.0,0.0,0.0,No
"Encarnación, Edwin",2017,34,669,0.881,5,89.2,43.0,24.5,0.0,0.0,0.0,0.0,No
"Bautista, José",2017,36,686,0.674,8,88.3,41.0,25.5,0.0,0.0,0.0,0.0,No
"Jones, Adam",2017,31,635,0.788,7,86.9,58.4,27.1,4.0,0.0,0.0,1.0,Yes
"Granderson, Curtis",2017,36,527,0.775,4,87.7,38.4,26.9,1.0,0.0,0.0,0.0,Yes
"Ramirez, Hanley",2017,33,553,0.749,6,88.5,48.0,26.1,7.0,0.0,0.0,0.0,Yes
"Morales, Kendrys",2017,34,608,0.753,5,91.1,49.6,23.5,2.0,0.0,0.0,0.0,Yes
"Kinsler, Ian",2017,35,613,0.725,7,86.3,44.5,26.9,3.0,0.0,0.0,0.0,Yes
"Cruz Jr., Nelson",2017,36,645,0.924,12,93.2,47.2,25.5,0.0,0.0,0.0,0.0,No
"Trumbo, Mark",2017,31,603,0.686,1,89.8,49.6,26.5,0.0,0.0,0.0,1.0,Yes
"Peralta, David",2017,29,577,0.796,6,88.0,48.6,27.4,3.0,0.0,0.0,1.0,Yes
"Escobar, Alcides",2017,30,629,0.629,4,84.0,53.9,27.7,0.0,0.0,0.0,0.0,No
"Longoria, Evan",2017,31,677,0.737,6,86.7,49.8,27.1,2.0,0.0,0.0,0.0,Yes
"Cozart, Zack",2017,31,507,0.933,3,85.8,40.9,26.0,7.0,0.0,1.0,0.0,Yes
"Reynolds, Mark",2017,33,593,0.839,1,87.2,44.6,24.8,0.0,0.0,0.0,0.0,No
"Davis, Chris",2017,31,524,0.732,3,90.1,42.9,25.1,2.0,0.0,1.0,0.0,Yes
"Headley, Chase",2017,33,586,0.758,6,87.2,44.4,25.3,1.0,0.0,0.0,0.0,Yes
"Pence, Hunter",2017,34,539,0.7,2,89.0,44.8,28.6,2.0,0.0,0.0,1.0,Yes
"Span, Denard",2017,33,542,0.756,3,85.3,44.1,27.5,2.0,0.0,1.0,0.0,Yes
"Cabrera, Asdrúbal",2017,31,540,0.785,5,87.2,47.0,25.2,0.0,0.0,0.0,0.0,No
"Blackmon, Charlie",2017,30,725,1.0,10,87.3,46.4,28.2,0.0,0.0,0.0,0.0,No
"Frazier, Todd",2017,31,576,0.772,14,87.5,40.4,26.5,4.0,0.0,0.0,0.0,Yes
"Markakis, Nick",2017,33,670,0.738,6,88.3,40.7,25.9,1.0,0.0,0.0,0.0,Yes
"Cain, Lorenzo",2017,31,645,0.803,5,89.1,49.3,28.7,0.0,0.0,0.0,0.0,No
"McCutchen, Andrew",2017,30,650,0.849,4,88.4,44.9,28.8,2.0,0.0,0.0,0.0,Yes
"Upton, Justin",2017,29,635,0.901,3,88.8,44.4,28.3,4.0,0.0,0.0,0.0,Yes
"Turner, Justin",2017,32,543,0.945,19,89.4,43.8,25.5,4.0,0.0,0.0,0.0,Yes
"Posey III, Buster",2017,30,568,0.862,8,88.7,44.2,24.6,0.0,0.0,0.0,0.0,No
"Bruce, Jay",2017,30,617,0.832,2,88.4,49.8,26.3,2.0,0.0,0.0,1.0,Yes
"Votto, Joey",2017,33,707,1.032,8,87.5,41.9,24.9,0.0,0.0,0.0,0.0,No
"Gardner, Brett",2017,33,682,0.778,8,86.4,36.3,28.8,2.0,0.0,0.0,0.0,Yes
"Joyce, Matt",2017,32,544,0.808,2,88.2,42.3,26.5,2.0,0.0,0.0,0.0,Yes
"Gordon, Alex",2017,33,541,0.608,14,86.3,47.4,26.2,1.0,0.0,0.0,0.0,Yes
"Andrus, Elvis",2017,28,689,0.808,3,86.5,47.3,27.3,0.0,0.0,0.0,0.0,No
"Cabrera, Melky",2017,32,666,0.747,2,88.3,46.2,26.2,0.0,0.0,0.0,0.0,No
"Santana, Carlos",2017,31,667,0.818,6,88.6,40.0,26.1,2.0,0.0,0.0,0.0,Yes
"Gonzalez, Carlos",2017,31,534,0.762,2,87.5,50.0,26.9,3.0,0.0,0.0,1.0,Yes
"Mercer, Jordy",2017,30,558,0.732,3,85.8,41.9,27.6,0.0,0.0,0.0,1.0,Yes
"Alonso, Yonder",2017,30,521,0.866,2,89.2,47.2,24.6,3.0,0.0,0.0,0.0,Yes
"Smoak, Justin",2017,30,637,0.884,2,89.6,43.0,24.1,1.0,0.0,0.0,0.0,Yes
"Zimmerman, Ryan",2017,32,576,0.931,3,91.4,44.3,26.9,3.0,0.0,0.0,0.0,Yes
"Lowrie, Jed",2017,33,645,0.808,2,89.1,48.2,26.6,1.0,0.0,0.0,0.0,Yes
"Morrison, Logan",2017,29,601,0.869,5,88.6,46.0,26.7,2.0,0.0,0.0,0.0,Yes
"Gurriel, Yuli",2017,33,564,0.818,7,89.9,48.3,26.9,0.0,0.0,0.0,0.0,No
"Solarte, Yangervis",2017,29,512,0.73,5,85.4,51.5,24.7,0.0,0.0,0.0,0.0,No
"Freese, David",2017,34,503,0.739,15,88.9,43.4,26.0,1.0,0.0,0.0,1.0,Yes
"Davis, Khris",2017,29,652,0.864,6,92.2,47.2,26.5,1.0,0.0,0.0,0.0,Yes
"Pham, Tommy",2017,29,530,0.931,10,89.6,37.9,28.7,3.0,0.0,0.0,0.0,Yes
"Reddick, Josh",2017,30,533,0.847,0,87.7,44.1,27.8,1.0,0.0,0.0,1.0,Yes
"Murphy, Daniel",2017,32,593,0.927,4,89.6,47.1,26.3,5.0,0.0,0.0,0.0,Yes
"Goldschmidt, Paul",2017,29,664,0.967,8,91.5,40.9,26.8,1.0,0.0,0.0,0.0,Yes
"Gonzalez, Marwin",2017,28,515,0.907,6,88.7,42.4,26.7,3.0,0.0,0.0,0.0,Yes
"Altuve, Jose",2017,27,662,0.957,9,86.1,47.8,28.4,3.0,0.0,0.0,0.0,Yes
"Hernández, César",2017,27,577,0.794,4,85.7,41.1,29.4,0.0,0.0,0.0,0.0,No
"Segura, Jean",2017,27,566,0.776,6,87.6,49.4,27.1,1.0,0.0,0.0,0.0,Yes
"Freeman, Freddie",2017,27,514,0.989,7,89.7,52.9,26.6,1.0,0.0,0.0,0.0,Yes
"LeMahieu, DJ",2017,28,682,0.783,6,89.3,41.7,27.1,0.0,0.0,0.0,0.0,No
"Moreland, Mitch",2017,31,576,0.769,6,89.3,46.4,25.7,2.0,0.0,0.0,0.0,Yes
"Moustakas, Mike",2017,28,598,0.835,3,87.4,55.7,24.0,3.0,0.0,0.0,0.0,Yes
"Rizzo, Anthony",2017,27,691,0.899,24,88.4,46.5,25.7,1.0,0.0,0.0,0.0,Yes
"Souza Jr., Steven",2017,28,617,0.81,7,88.8,44.1,28.9,0.0,0.0,0.0,0.0,No
"Stanton, Giancarlo",2017,27,692,1.007,7,92.0,42.9,27.8,0.0,0.0,0.0,0.0,No
"Thames, Eric",2017,30,551,0.877,7,88.2,43.2,27.1,2.0,0.0,0.0,0.0,Yes
"Galvis, Freddy",2017,27,663,0.691,4,86.3,48.9,27.3,0.0,0.0,0.0,0.0,No
"García, Avisaíl",2017,26,561,0.886,9,90.3,58.9,29.0,0.0,0.0,0.0,0.0,No
"Inciarte, Ender",2017,26,718,0.759,0,82.8,53.1,27.1,2.0,0.0,0.0,0.0,Yes
"Ozuna, Marcell",2017,26,679,0.924,0,90.9,49.6,27.8,0.0,0.0,0.0,0.0,No
"Beckham, Tim",2017,27,575,0.782,4,88.4,50.6,28.0,5.0,0.0,0.0,2.0,Yes
"Crawford, Brandon",2017,30,570,0.708,1,87.5,51.4,26.0,0.0,0.0,0.0,0.0,No
"Harrison, Josh",2017,29,542,0.771,23,84.9,53.0,27.6,3.0,0.0,0.0,0.0,Yes
"Hosmer, Eric",2017,27,671,0.883,0,89.8,47.1,27.1,0.0,0.0,0.0,0.0,No
"Rendon, Anthony",2017,27,605,0.936,7,89.8,40.5,27.5,4.0,0.0,0.0,0.0,Yes
"Shaw, Travis",2017,27,606,0.862,4,88.6,45.3,25.7,5.0,0.0,0.0,0.0,Yes
"Springer III, George",2017,27,628,0.889,11,89.2,44.7,28.0,0.0,0.0,0.0,0.0,No
"Strange-Gordon, Dee",2017,29,694,0.716,10,81.6,54.2,29.4,0.0,0.0,0.0,0.0,No
"Gregorius, Didi",2017,27,569,0.796,3,84.5,58.4,28.2,0.0,0.0,0.0,0.0,No
"Trout, Mike",2017,25,507,1.071,7,88.8,37.7,29.3,3.0,0.0,0.0,0.0,Yes
"Herrera, Odúbel",2017,25,563,0.777,4,87.2,53.3,27.3,0.0,0.0,0.0,0.0,No
"Abreu, José",2017,30,675,0.906,15,90.6,48.2,26.9,0.0,0.0,0.0,0.0,No
"Suárez, Eugenio",2017,25,632,0.828,9,86.2,42.2,26.9,0.0,0.0,0.0,0.0,No
"Santana, Domingo",2017,24,607,0.876,6,89.2,46.3,27.2,1.0,0.0,0.0,0.0,Yes
"Sánchez, Yolmer",2017,25,534,0.732,4,84.8,50.3,28.4,0.0,0.0,0.0,0.0,No
"Schoop, Jonathan",2017,25,675,0.841,11,87.8,52.4,27.6,1.0,0.0,0.0,0.0,Yes
"Arenado, Nolan",2017,26,679,0.959,4,88.8,48.2,25.7,0.0,0.0,0.0,0.0,No
"Hamilton, Billy",2017,26,633,0.634,0,80.5,46.4,30.1,4.0,0.0,0.0,0.0,Yes
"Joseph, Tommy",2017,25,533,0.721,2,89.3,49.6,25.3,0.0,0.0,0.0,0.0,No
"Lamb, Jake",2017,26,635,0.844,7,88.3,39.8,26.9,0.0,0.0,0.0,0.0,No
"Myers, Wil",2017,26,649,0.792,5,89.4,44.2,28.5,1.0,0.0,0.0,0.0,Yes
"Seager, Kyle",2017,29,650,0.773,8,88.3,42.9,26.1,2.0,0.0,0.0,0.0,Yes
"Carpenter, Matt",2017,31,622,0.835,9,89.7,34.6,26.6,5.0,0.0,0.0,1.0,Yes
"Dickerson, Corey",2017,28,628,0.815,3,87.2,58.7,27.6,0.0,0.0,0.0,0.0,No
"Dozier, Brian",2017,30,705,0.857,8,87.9,41.7,27.1,3.0,0.0,0.0,0.0,Yes
"Bryant, Kris",2017,25,665,0.946,15,87.0,45.4,28.9,4.0,0.0,0.0,0.0,Yes
"Castellanos, Nick",2017,25,665,0.81,5,89.1,51.2,28.1,0.0,0.0,0.0,0.0,No
"Gamel, Ben",2017,25,550,0.735,1,86.3,44.7,28.4,1.0,0.0,0.0,0.0,Yes
"Healy, Ryon",2017,25,605,0.753,4,88.3,47.6,26.6,2.0,0.0,0.0,0.0,Yes
"Judge, Aaron",2017,25,678,1.049,5,95.0,41.1,28.0,1.0,0.0,0.0,0.0,Yes
"Machado, Manny",2017,24,690,0.781,1,91.3,49.0,26.3,3.0,0.0,0.0,0.0,Yes
"Realmuto, J.T.",2017,26,579,0.783,8,88.2,48.3,28.6,1.0,0.0,0.0,0.0,Yes
"Rosario, Eddie",2017,25,589,0.835,0,87.2,55.4,27.5,0.0,0.0,0.0,0.0,No
"Simmons, Andrelton",2017,27,647,0.752,3,86.1,46.3,27.5,0.0,0.0,0.0,0.0,No
"Yelich, Christian",2017,25,694,0.808,6,90.6,42.5,28.4,2.0,0.0,0.0,0.0,Yes
"Merrifield, Whit",2017,28,630,0.784,6,87.6,50.8,29.2,0.0,0.0,0.0,0.0,No
"Bogaerts, Xander",2017,24,635,0.746,6,87.3,41.9,28.3,4.0,0.0,0.0,0.0,Yes
"Polanco, Jorge",2017,23,544,0.723,2,85.0,43.9,28.4,0.0,0.0,0.0,0.0,No
"Calhoun, Kole",2017,29,654,0.725,8,88.3,47.9,26.4,1.0,0.0,0.0,0.0,Yes
"Duvall, Adam",2017,28,647,0.781,10,87.3,48.1,27.7,1.0,0.0,0.0,0.0,Yes
"Schebler, Scott",2017,26,531,0.791,14,89.1,52.7,28.3,1.0,0.0,0.0,0.0,Yes
"Báez, Javier",2017,24,508,0.797,1,87.9,56.5,28.5,0.0,0.0,0.0,0.0,No
"Lindor, Francisco",2017,23,723,0.842,4,89.1,47.4,28.0,0.0,0.0,0.0,0.0,No
"Odor, Rougned",2017,23,651,0.649,8,89.1,52.9,28.1,0.0,0.0,0.0,0.0,No
"Story, Trevor",2017,24,555,0.765,2,89.4,48.2,29.3,0.0,0.0,0.0,0.0,No
"Sánchez, Gary",2017,24,525,0.876,10,90.8,47.9,26.1,0.0,0.0,0.0,0.0,No
"Kepler, Max",2017,24,568,0.737,6,88.7,43.3,28.0,1.0,0.0,0.0,1.0,Yes
"Franco, Maikel",2017,24,623,0.69,2,88.8,50.3,26.0,1.0,0.0,0.0,0.0,Yes
"Bradley Jr., Jackie",2017,27,541,0.725,9,88.3,47.1,27.4,0.0,0.0,0.0,0.0,No
"Bell, Josh",2017,24,620,0.8,1,87.6,43.6,27.2,0.0,0.0,0.0,1.0,Yes
"Betts, Mookie",2017,24,712,0.803,2,88.4,35.9,27.9,0.0,0.0,0.0,0.0,No
"Panik, Joe",2017,26,573,0.768,5,85.0,43.3,26.1,1.0,0.0,1.0,0.0,Yes
"Arcia, Orlando",2017,22,548,0.731,1,85.7,54.2,27.2,1.0,0.0,0.0,0.0,Yes
"Peraza, José",2017,23,518,0.621,7,82.8,51.7,28.8,0.0,0.0,0.0,0.0,No
"Pillar, Kevin",2017,28,632,0.704,6,86.0,52.2,27.8,0.0,0.0,0.0,0.0,No
"Ramírez, José",2017,24,645,0.957,3,88.2,43.3,27.9,0.0,0.0,0.0,0.0,No
"Bregman, Alex",2017,23,626,0.827,7,87.6,44.7,27.6,1.0,0.0,0.0,0.0,Yes
"Gallo, Joey",2017,23,532,0.87,8,93.3,47.1,27.8,2.0,0.0,0.0,1.0,Yes
"Seager, Corey",2017,23,613,0.854,4,89.7,50.1,26.8,5.0,0.0,0.0,0.0,Yes
"Mazara, Nomar",2017,22,616,0.745,4,89.0,46.1,27.0,2.0,0.0,0.0,0.0,Yes
"Swanson, Dansby",2017,23,551,0.636,0,86.9,44.5,28.7,0.0,0.0,0.0,0.0,No
"Taylor, Chris",2017,26,568,0.85,3,87.1,45.9,29.0,1.0,0.0,0.0,0.0,Yes
"Buxton, Byron",2017,23,511,0.727,4,88.1,49.6,30.5,2.0,0.0,0.0,0.0,Yes
"Margot, Manuel",2017,22,529,0.722,2,85.3,45.8,29.4,0.0,0.0,0.0,1.0,Yes
"Puig, Yasiel",2017,26,570,0.833,2,88.5,46.4,28.1,2.0,0.0,0.0,0.0,Yes
"Anderson, Tim",2017,24,606,0.678,3,85.6,55.1,28.7,2.0,0.0,0.0,0.0,Yes
"Bellinger, Cody",2017,21,548,0.933,1,90.8,44.7,28.8,0.0,0.0,0.0,1.0,Yes
"Mancini III, Trey",2017,25,586,0.826,6,88.6,50.9,27.5,0.0,0.0,0.0,0.0,No
"Benintendi, Andrew",2017,22,658,0.776,6,87.5,44.1,28.3,0.0,0.0,0.0,0.0,No
"Martinez, Victor",2018,39,508,0.65,2,87.8,49.2,23.2,1.0,0.0,0.0,0.0,Yes
"Mauer, Joe",2018,35,543,0.73,2,91.1,35.3,26.0,0.0,0.0,0.0,0.0,No
"Choo, Shin-Soo",2018,35,665,0.811,10,89.3,40.9,26.0,1.0,0.0,0.0,0.0,Yes
"Molina, Yadier",2018,35,503,0.75,9,88.2,52.7,22.9,2.0,0.0,0.0,0.0,Yes
"Encarnación, Edwin",2018,35,578,0.81,8,89.9,44.6,24.4,0.0,0.0,0.0,0.0,No
"Jones, Adam",2018,32,613,0.732,5,88.3,55.1,26.7,1.0,0.0,0.0,0.0,Yes
"Kinsler, Ian",2018,36,534,0.681,4,85.3,45.5,26.6,1.0,0.0,0.0,0.0,Yes
"Desmond, Ian",2018,32,619,0.729,6,90.1,48.3,28.1,0.0,0.0,0.0,0.0,No
"Cruz Jr., Nelson",2018,37,591,0.851,14,93.9,46.5,24.9,0.0,0.0,0.0,0.0,No
"Peralta, David",2018,30,614,0.868,4,91.5,48.0,27.2,3.0,0.0,0.0,0.0,Yes
"Escobar, Alcides",2018,31,531,0.592,5,84.6,52.4,27.5,0.0,0.0,0.0,0.0,No
"Jay, Jon",2018,33,586,0.677,18,85.1,49.1,26.0,0.0,0.0,0.0,0.0,No
"Longoria, Evan",2018,32,512,0.693,5,88.5,48.6,27.0,1.0,0.0,0.0,0.0,Yes
"Davis, Chris",2018,32,522,0.539,7,89.3,45.1,25.5,3.0,0.0,0.0,0.0,Yes
"Zobrist, Ben",2018,37,520,0.818,2,89.9,41.1,26.7,1.0,0.0,0.0,1.0,Yes
"Cabrera, Asdrúbal",2018,32,592,0.774,3,90.1,49.1,25.4,0.0,0.0,0.0,0.0,No
"Blackmon, Charlie",2018,31,696,0.86,8,87.5,47.7,27.6,2.0,0.0,0.0,0.0,Yes
"Markakis, Nick",2018,34,705,0.806,1,90.6,40.4,26.4,0.0,0.0,0.0,0.0,No
"Núñez, Eduardo",2018,31,502,0.677,2,88.3,53.8,27.5,0.0,0.0,0.0,0.0,No
"Cain, Lorenzo",2018,32,620,0.812,8,89.1,42.3,28.6,3.0,0.0,1.0,0.0,Yes
"McCutchen, Andrew",2018,31,682,0.792,11,90.0,39.8,28.7,1.0,0.0,0.0,0.0,Yes
"Upton, Justin",2018,30,613,0.807,10,90.7,42.6,27.8,4.0,0.0,0.0,0.0,Yes
"Votto, Joey",2018,34,623,0.836,9,88.1,39.7,25.3,1.0,0.0,0.0,0.0,Yes
"Gardner, Brett",2018,34,609,0.69,5,88.0,36.3,29.1,1.0,0.0,0.0,0.0,Yes
"Gordon, Alex",2018,34,568,0.694,10,88.5,46.5,25.5,1.0,0.0,1.0,0.0,Yes
"Kemp, Matt",2018,33,506,0.819,1,89.6,50.7,26.2,0.0,0.0,0.0,0.0,No
"Santana, Carlos",2018,32,679,0.766,1,88.9,41.4,26.0,0.0,0.0,0.0,0.0,No
"Gonzalez, Carlos",2018,32,504,0.796,1,89.7,50.3,27.4,1.0,0.0,1.0,0.0,Yes
"Alonso, Yonder",2018,31,574,0.738,2,87.8,50.4,23.3,0.0,0.0,0.0,0.0,No
"Smoak, Justin",2018,31,594,0.807,3,89.5,40.3,23.8,0.0,0.0,0.0,0.0,No
"Lowrie, Jed",2018,34,680,0.801,3,89.2,45.9,26.7,0.0,0.0,0.0,0.0,No
"Brantley Jr., Michael",2018,31,630,0.832,5,90.2,44.2,26.1,0.0,0.0,0.0,0.0,No
"Gurriel, Yuli",2018,34,573,0.751,6,89.3,50.3,27.6,0.0,0.0,0.0,0.0,No
"Solarte, Yangervis",2018,30,506,0.655,3,87.1,54.3,24.7,0.0,0.0,0.0,0.0,No
"Rojas, Miguel",2018,29,528,0.643,9,84.7,49.0,26.5,3.0,0.0,0.0,1.0,Yes
"Escobar, Eduardo",2018,29,631,0.823,5,86.5,53.0,27.8,0.0,0.0,0.0,0.0,No
"Martínez, José",2018,29,590,0.821,2,91.0,43.6,26.5,0.0,0.0,0.0,0.0,No
"Davis, Khris",2018,30,654,0.875,12,92.5,49.3,26.2,1.0,0.0,1.0,0.0,Yes
"Pham, Tommy",2018,30,570,0.831,6,93.0,39.8,28.6,6.0,0.0,0.0,0.0,Yes
"Martinez, J.D.",2018,30,649,1.031,4,93.0,50.3,26.7,0.0,0.0,0.0,0.0,No
"Goldschmidt, Paul",2018,30,690,0.922,6,90.8,42.4,26.9,0.0,0.0,0.0,0.0,No
"Gonzalez, Marwin",2018,29,552,0.733,3,89.1,44.4,26.4,3.0,0.0,0.0,0.0,Yes
"Altuve, Jose",2018,28,599,0.837,6,87.2,47.4,28.1,0.0,0.0,0.0,1.0,Yes
"Hernández, César",2018,28,708,0.718,4,85.7,38.2,29.1,0.0,0.0,0.0,0.0,No
"Segura, Jean",2018,28,632,0.756,4,87.7,49.0,27.9,4.0,0.0,0.0,0.0,Yes
"Castro, Starlin",2018,28,647,0.729,0,88.5,46.0,27.4,0.0,0.0,0.0,0.0,No
"Marte, Starling",2018,29,606,0.787,8,88.4,54.5,28.6,3.0,0.0,0.0,1.0,Yes
"Dietrich, Derek",2018,28,551,0.751,21,87.4,50.5,26.9,0.0,0.0,0.0,0.0,No
"Freeman, Freddie",2018,28,707,0.893,7,89.1,55.6,26.7,0.0,0.0,0.0,0.0,No
"Grandal, Yasmani",2018,29,518,0.815,3,88.9,38.5,24.5,0.0,0.0,0.0,0.0,No
"LeMahieu, DJ",2018,29,581,0.749,2,91.3,41.9,27.2,0.0,0.0,0.0,0.0,No
"Moustakas, Mike",2018,29,635,0.774,7,89.5,52.2,25.7,1.0,0.0,0.0,0.0,Yes
"Rizzo, Anthony",2018,28,665,0.846,20,90.1,47.7,25.6,0.0,0.0,0.0,1.0,Yes
"Stanton, Giancarlo",2018,28,705,0.852,8,93.7,44.9,27.8,0.0,0.0,0.0,0.0,No
"Galvis, Freddy",2018,28,656,0.679,2,88.6,50.3,26.8,0.0,0.0,0.0,0.0,No
"Perez, Salvador",2018,28,544,0.713,12,91.3,57.0,25.0,2.0,0.0,0.0,0.0,Yes
"Inciarte, Ender",2018,27,660,0.705,6,84.9,50.3,27.8,0.0,0.0,0.0,0.0,No
"Ozuna, Marcell",2018,27,628,0.758,3,91.5,48.5,27.8,0.0,0.0,0.0,0.0,No
"Villar, Jonathan",2018,27,515,0.709,5,88.5,48.9,27.6,1.0,0.0,0.0,0.0,Yes
"Aguilar, Jesús",2018,28,566,0.891,6,89.8,45.5,24.6,0.0,0.0,0.0,0.0,No
"Crawford, Brandon",2018,31,594,0.719,8,87.5,52.1,25.8,3.0,0.0,0.0,0.0,Yes
"Cron, C.J.",2018,28,560,0.816,17,88.0,50.8,26.3,0.0,0.0,0.0,0.0,No
"Hicks, Aaron",2018,28,581,0.833,3,89.7,40.0,28.1,4.0,0.0,0.0,0.0,Yes
"Hosmer, Eric",2018,28,677,0.72,1,88.7,48.5,26.3,1.0,0.0,0.0,0.0,Yes
"Kipnis, Jason",2018,31,601,0.704,7,86.9,43.0,26.9,2.0,0.0,0.0,0.0,Yes
"Rendon, Anthony",2018,28,597,0.909,5,90.7,47.7,27.3,1.0,0.0,0.0,1.0,Yes
"Semien, Marcus",2018,27,703,0.706,1,86.8,43.8,28.3,0.0,0.0,0.0,0.0,No
"Shaw, Travis",2018,28,587,0.825,4,88.9,44.8,26.7,3.0,0.0,0.0,0.0,Yes
"Springer III, George",2018,28,617,0.78,5,88.6,44.3,27.7,0.0,0.0,0.0,0.0,No
"Strange-Gordon, Dee",2018,30,588,0.637,9,83.2,55.1,29.0,0.0,0.0,0.0,0.0,No
"Gregorius, Didi",2018,28,569,0.829,7,87.0,51.7,28.0,0.0,0.0,0.0,0.0,No
"Trout, Mike",2018,26,608,1.088,10,91.2,37.6,29.2,0.0,0.0,0.0,2.0,Yes
"Herrera, Odúbel",2018,26,597,0.73,7,86.7,52.4,26.7,0.0,0.0,0.0,0.0,No
"Harper, Bryce",2018,25,695,0.889,6,91.0,45.7,27.5,1.0,0.0,0.0,1.0,Yes
"Abreu, José",2018,31,553,0.798,11,91.3,49.0,26.7,0.0,0.0,0.0,0.0,No
"Suárez, Eugenio",2018,26,606,0.892,9,91.2,44.7,26.2,0.0,0.0,0.0,0.0,No
"Polanco, Gregory",2018,26,534,0.839,3,88.9,45.3,27.9,1.0,0.0,0.0,1.0,Yes
"Sánchez, Yolmer",2018,26,662,0.678,8,86.7,47.9,28.1,0.0,0.0,0.0,0.0,No
"Arenado, Nolan",2018,27,673,0.935,3,89.8,49.8,25.7,0.0,0.0,0.0,0.0,No
"Barnhart, Tucker",2018,27,522,0.7,2,87.1,45.7,25.0,0.0,0.0,0.0,0.0,No
"Gennett, Scooter",2018,28,638,0.847,4,87.3,53.6,26.4,0.0,0.0,0.0,0.0,No
"Hamilton, Billy",2018,27,556,0.626,1,80.5,48.6,30.1,0.0,0.0,0.0,0.0,No
"Haniger, Mitch",2018,27,683,0.859,10,90.2,41.8,27.8,2.0,0.0,0.0,0.0,Yes
"Piscotty, Stephen",2018,27,605,0.822,12,88.5,53.3,26.7,0.0,0.0,0.0,0.0,No
"Seager, Kyle",2018,30,630,0.673,5,89.8,47.2,25.9,0.0,0.0,0.0,1.0,Yes
"Carpenter, Matt",2018,32,676,0.897,6,90.7,37.5,26.5,0.0,0.0,0.0,0.0,No
"Dickerson, Corey",2018,29,533,0.804,4,87.9,59.4,27.8,0.0,0.0,0.0,1.0,Yes
"Dozier, Brian",2018,31,632,0.696,4,86.8,39.8,26.8,1.0,0.0,0.0,0.0,Yes
"Contreras, Willson",2018,26,544,0.729,13,88.2,49.7,27.6,0.0,0.0,0.0,0.0,No
"Castellanos, Nick",2018,26,678,0.854,6,89.6,55.1,27.8,0.0,0.0,0.0,0.0,No
"Healy, Ryon",2018,26,524,0.689,2,89.6,47.5,26.0,1.0,0.0,0.0,1.0,Yes
"Machado, Manny",2018,25,709,0.905,2,91.6,48.9,26.3,1.0,0.0,0.0,0.0,Yes
"Realmuto, J.T.",2018,27,529,0.824,10,88.9,47.1,28.6,1.0,0.0,0.0,0.0,Yes
"Rosario, Eddie",2018,26,592,0.802,0,87.7,58.0,28.0,2.0,0.0,0.0,1.0,Yes
"Simmons, Andrelton",2018,28,600,0.754,5,88.2,45.6,27.1,4.0,0.0,0.0,0.0,Yes
"Yelich, Christian",2018,26,651,1.0,7,92.6,44.3,28.7,1.0,0.0,0.0,1.0,Yes
"Merrifield, Whit",2018,29,707,0.805,6,87.0,47.9,29.0,0.0,0.0,0.0,0.0,No
"Bogaerts, Xander",2018,25,580,0.882,6,90.6,43.2,27.8,2.0,0.0,0.0,1.0,Yes
"Calhoun, Kole",2018,30,551,0.652,1,90.4,49.2,26.1,0.0,0.0,0.0,0.0,No
"Profar, Jurickson",2018,25,594,0.793,12,87.3,48.6,27.6,1.0,0.0,0.0,0.0,Yes
"Báez, Javier",2018,25,645,0.88,5,90.6,57.9,28.8,0.0,0.0,0.0,0.0,No
"Lindor, Francisco",2018,24,745,0.871,8,90.6,47.1,28.4,0.0,0.0,0.0,0.0,No
"Odor, Rougned",2018,24,535,0.75,11,90.7,48.5,28.1,0.0,0.0,0.0,0.0,No
"Story, Trevor",2018,25,656,0.915,7,91.0,50.3,29.6,2.0,0.0,0.0,0.0,Yes
"Kepler, Max",2018,25,611,0.727,5,89.5,42.7,27.9,1.0,0.0,0.0,0.0,Yes
"Bradley Jr., Jackie",2018,28,535,0.717,11,92.2,47.3,27.8,0.0,0.0,0.0,0.0,No
"Candelario, Jeimer",2018,24,619,0.71,9,87.1,42.6,27.3,3.0,0.0,1.0,0.0,Yes
"Ahmed, Nick",2018,28,564,0.701,2,86.9,50.4,28.2,1.0,0.0,0.0,0.0,Yes
"Anderson, Brian",2018,25,670,0.757,16,90.2,46.3,27.1,0.0,0.0,0.0,0.0,No
"Bell, Josh",2018,25,583,0.768,0,90.2,43.0,27.1,0.0,0.0,0.0,0.0,No
"Betts, Mookie",2018,25,614,1.078,8,92.2,35.6,28.1,0.0,0.0,0.0,0.0,No
"Smith, Mallex",2018,25,544,0.773,8,85.8,49.6,29.8,1.0,0.0,0.0,1.0,Yes
"Hernández, Teoscar",2018,25,523,0.77,3,91.9,49.5,28.6,0.0,0.0,0.0,0.0,No
"Peraza, José",2018,24,683,0.742,9,85.8,49.9,28.8,0.0,0.0,0.0,0.0,No
"Marte, Ketel",2018,24,580,0.769,3,88.8,45.9,28.7,1.0,0.0,0.0,0.0,Yes
"Nimmo, Brandon",2018,25,535,0.887,22,89.9,39.4,28.5,0.0,0.0,0.0,2.0,Yes
"Turner, Trea",2018,25,740,0.76,5,89.1,44.0,30.1,0.0,0.0,0.0,0.0,No
"Pillar, Kevin",2018,29,542,0.708,6,87.3,54.0,27.8,0.0,0.0,0.0,0.0,No
"Ramírez, José",2018,25,698,0.939,8,89.0,38.6,27.4,0.0,0.0,0.0,0.0,No
"Bregman, Alex",2018,24,705,0.926,12,89.4,37.1,27.8,0.0,0.0,0.0,0.0,No
"Gallo, Joey",2018,24,577,0.81,3,94.3,48.6,27.6,3.0,0.0,0.0,0.0,Yes
"Mazara, Nomar",2018,23,536,0.753,4,90.5,46.1,26.8,3.0,0.0,0.0,0.0,Yes
"Andujar, Miguel",2018,23,606,0.855,4,89.2,53.1,27.8,0.0,0.0,0.0,0.0,No
"Swanson, Dansby",2018,24,533,0.699,2,88.0,50.1,29.4,0.0,0.0,0.0,2.0,Yes
"Taylor, Chris",2018,27,604,0.775,9,88.9,47.6,28.6,1.0,0.0,0.0,0.0,Yes
"Wendle, Joey",2018,28,545,0.789,9,88.8,46.7,28.3,0.0,0.0,0.0,0.0,No
"Olson, Matt",2018,24,660,0.788,8,93.3,44.4,25.9,0.0,0.0,0.0,0.0,No
"Duffy, Matt",2018,27,560,0.727,7,86.8,46.5,27.7,3.0,0.0,0.0,1.0,Yes
"Margot, Manuel",2018,23,519,0.676,2,89.4,46.6,29.4,1.0,0.0,0.0,0.0,Yes
"Camargo, Johan",2018,24,524,0.806,6,88.0,49.5,26.3,1.0,0.0,0.0,0.0,Yes
"Conforto, Michael",2018,25,638,0.798,7,88.1,43.2,27.8,0.0,0.0,0.0,0.0,No
"Anderson, Tim",2018,25,606,0.687,4,85.8,54.1,28.8,2.0,0.0,0.0,1.0,Yes
"Bellinger, Cody",2018,22,632,0.813,3,89.8,45.1,28.8,0.0,0.0,0.0,0.0,No
"Mancini III, Trey",2018,26,636,0.715,5,89.9,49.5,27.0,0.0,0.0,0.0,0.0,No
"Rosario, Amed",2018,22,592,0.676,3,87.8,54.3,29.4,0.0,0.0,0.0,0.0,No
"Benintendi, Andrew",2018,23,661,0.831,2,88.6,46.0,27.7,1.0,0.0,0.0,0.0,Yes
"Albies, Ozzie",2018,21,684,0.757,5,86.8,56.8,28.7,0.0,0.0,0.0,0.0,No
"Chapman, Matt",2018,25,616,0.864,9,93.1,41.5,28.3,0.0,0.0,0.0,1.0,Yes
"Hoskins, Rhys",2018,25,660,0.85,9,88.9,39.2,26.3,0.0,0.0,0.0,1.0,Yes
"Schwarber, Kyle",2018,25,510,0.823,1,90.9,41.7,27.1,1.0,0.0,0.0,0.0,Yes
"Moncada, Yoán",2018,23,650,0.715,1,91.0,41.2,28.8,0.0,0.0,0.0,0.0,No
"Pujols, Albert",2019,39,545,0.735,3,88.3,44.5,22.5,4.0,0.0,0.0,0.0,Yes
"Cabrera, Miguel",2019,36,549,0.744,3,90.3,49.6,23.5,6.0,0.0,0.0,0.0,Yes
"Choo, Shin-Soo",2019,36,660,0.826,18,91.9,42.4,26.6,1.0,0.0,0.0,0.0,Yes
"Jones, Adam",2019,33,528,0.727,8,86.2,54.5,26.8,2.0,0.0,0.0,0.0,Yes
"Cruz Jr., Nelson",2019,38,521,1.031,7,93.7,46.2,25.3,0.0,0.0,0.0,0.0,No
"Longoria, Evan",2019,33,508,0.762,7,89.7,46.8,26.4,1.0,0.0,0.0,0.0,Yes
"Fowler, Dexter",2019,33,574,0.755,8,85.5,42.9,27.7,2.0,0.0,0.0,0.0,Yes
"Cabrera, Asdrúbal",2019,33,514,0.783,3,89.1,45.5,25.4,0.0,0.0,0.0,0.0,No
"Blackmon, Charlie",2019,32,634,0.94,9,88.7,49.9,26.8,1.0,0.0,0.0,1.0,Yes
"Cain, Lorenzo",2019,33,623,0.697,6,89.5,44.7,27.8,5.0,0.0,0.0,1.0,Yes
"Turner, Justin",2019,34,549,0.881,14,90.3,45.5,26.1,3.0,1.0,0.0,1.0,Yes
"Votto, Joey",2019,35,608,0.768,4,88.9,41.5,25.1,3.0,0.0,1.0,0.0,Yes
"Gardner, Brett",2019,35,550,0.828,4,87.8,38.7,28.9,1.0,0.0,1.0,0.0,Yes
"Braun, Ryan",2019,35,508,0.848,8,91.5,51.6,26.6,4.0,0.0,0.0,1.0,Yes
"Gordon, Alex",2019,35,633,0.741,19,88.7,48.1,25.4,1.0,0.0,0.0,0.0,Yes
"Andrus, Elvis",2019,30,648,0.706,4,88.4,46.4,26.7,0.0,0.0,0.0,0.0,No
"Ramos, Wilson",2019,31,524,0.767,4,90.0,53.9,22.9,0.0,0.0,0.0,0.0,No
"Santana, Carlos",2019,33,686,0.912,3,91.8,39.5,25.7,2.0,0.0,0.0,0.0,Yes
"Belt, Brandon",2019,31,616,0.742,3,87.3,46.3,24.8,1.0,0.0,0.0,0.0,Yes
"Brantley Jr., Michael",2019,32,637,0.875,7,88.8,43.8,26.4,0.0,0.0,0.0,0.0,No
"Gurriel, Yuli",2019,35,612,0.884,5,89.3,49.7,27.6,0.0,0.0,0.0,0.0,No
"Rojas, Miguel",2019,30,526,0.71,5,87.4,47.1,26.3,1.0,0.0,0.0,0.0,Yes
"Escobar, Eduardo",2019,30,699,0.831,3,87.8,52.6,27.6,0.0,0.0,0.0,0.0,No
"Davis, Khris",2019,31,533,0.68,3,90.2,51.8,25.6,6.0,0.0,1.0,0.0,Yes
"Pham, Tommy",2019,31,654,0.819,5,90.9,38.4,28.7,7.0,0.0,0.0,0.0,Yes
"Martinez, J.D.",2019,31,657,0.94,4,91.4,49.5,26.7,0.0,0.0,0.0,0.0,No
"Reddick, Josh",2019,32,550,0.728,0,86.1,51.3,26.7,0.0,0.0,0.0,0.0,No
"Goldschmidt, Paul",2019,31,682,0.822,2,90.1,46.5,26.6,0.0,0.0,0.0,0.0,No
"Altuve, Jose",2019,29,548,0.903,3,87.4,47.6,28.6,0.0,0.0,0.0,0.0,No
"Hernández, César",2019,29,667,0.741,6,86.0,46.0,28.7,0.0,0.0,0.0,0.0,No
"Segura, Jean",2019,29,618,0.743,8,88.2,47.5,27.5,2.0,0.0,0.0,2.0,Yes
"Castro, Starlin",2019,29,676,0.736,3,88.5,49.2,26.9,0.0,0.0,0.0,0.0,No
"Marte, Starling",2019,30,586,0.845,16,88.6,53.7,29.0,2.0,0.0,0.0,1.0,Yes
"Donaldson, Josh",2019,33,659,0.9,8,92.9,43.9,25.8,1.0,0.0,0.0,1.0,Yes
"Freeman, Freddie",2019,29,692,0.938,6,89.7,52.1,26.5,2.0,0.0,0.0,0.0,Yes
"Grandal, Yasmani",2019,30,632,0.848,5,90.7,38.5,24.2,0.0,0.0,0.0,0.0,No
"Heyward, Jason",2019,29,589,0.772,5,88.8,45.5,27.4,3.0,0.0,0.0,0.0,Yes
"LeMahieu, DJ",2019,30,655,0.893,2,91.9,45.6,26.7,0.0,0.0,0.0,0.0,No
"Moustakas, Mike",2019,30,584,0.845,6,89.5,49.9,25.7,5.0,0.0,0.0,0.0,Yes
"Rizzo, Anthony",2019,29,613,0.925,27,89.0,45.7,25.3,3.0,0.0,0.0,1.0,Yes
"Galvis, Freddy",2019,29,589,0.734,1,88.8,54.4,25.9,2.0,0.0,0.0,1.0,Yes
"García, Avisaíl",2019,28,530,0.796,7,89.5,56.4,28.8,0.0,0.0,0.0,0.0,No
"Ozuna, Marcell",2019,28,549,0.8,1,91.8,44.9,27.4,1.0,0.0,0.0,0.0,Yes
"Villar, Jonathan",2019,28,714,0.792,4,88.9,49.8,27.9,0.0,0.0,0.0,0.0,No
"Santana, Danny",2019,28,511,0.858,6,91.4,55.8,27.7,1.0,0.0,0.0,0.0,Yes
"Crawford, Brandon",2019,32,560,0.654,3,87.8,51.3,25.7,2.0,0.0,0.0,0.0,Yes
"Hosmer, Eric",2019,29,667,0.735,3,90.8,50.0,25.8,0.0,0.0,0.0,0.0,No
"Kipnis, Jason",2019,32,511,0.714,2,88.1,46.3,26.8,0.0,0.0,0.0,0.0,No
"Rendon, Anthony",2019,29,646,1.01,12,90.4,43.1,26.7,1.0,0.0,0.0,1.0,Yes
"Semien, Marcus",2019,28,747,0.891,2,88.9,42.2,28.1,0.0,0.0,0.0,0.0,No
"Springer III, George",2019,29,556,0.974,6,89.8,44.0,28.4,0.0,0.0,0.0,0.0,No
"Vázquez, Christian",2019,28,521,0.797,0,89.4,49.9,25.7,0.0,0.0,0.0,0.0,No
"Wong, Kolten",2019,28,549,0.784,13,86.1,48.0,27.6,2.0,0.0,0.0,1.0,Yes
"Garcia, Leury",2019,28,618,0.688,6,88.2,54.4,28.5,4.0,0.0,0.0,0.0,Yes
"Grichuk, Randal",2019,27,628,0.737,5,89.3,50.2,28.1,2.0,0.0,0.0,0.0,Yes
"Trout, Mike",2019,27,600,1.083,16,90.9,36.8,29.2,4.0,0.0,0.0,2.0,Yes
"Harper, Bryce",2019,26,682,0.882,6,91.9,48.7,28.3,1.0,0.0,0.0,0.0,Yes
"Abreu, José",2019,32,693,0.833,13,92.1,49.5,26.6,0.0,0.0,0.0,0.0,No
"Suárez, Eugenio",2019,27,662,0.93,11,89.3,44.4,25.9,0.0,0.0,0.0,0.0,No
"Santana, Domingo",2019,26,507,0.77,2,89.0,46.8,26.7,1.0,0.0,0.0,0.0,Yes
"Sánchez, Yolmer",2019,27,555,0.639,5,87.1,48.8,27.7,0.0,0.0,0.0,0.0,No
"Arenado, Nolan",2019,28,662,0.962,4,89.4,51.4,25.9,0.0,0.0,0.0,1.0,Yes
"Muncy, Max",2019,28,589,0.889,8,89.8,40.1,27.7,1.0,0.0,1.0,0.0,Yes
"Voit III, Luke",2019,28,510,0.842,9,89.9,47.3,25.7,0.0,0.0,0.0,0.0,No
"Walker, Christian",2019,28,603,0.824,6,91.1,48.7,27.2,2.0,0.0,0.0,0.0,Yes
"Iglesias, Jose",2019,29,530,0.725,3,84.1,55.5,27.1,2.0,0.0,0.0,0.0,Yes
"Bryant, Kris",2019,27,634,0.903,15,87.6,48.5,28.2,5.0,0.0,0.0,1.0,Yes
"Castellanos, Nick",2019,27,664,0.862,5,88.9,54.7,27.9,0.0,0.0,0.0,0.0,No
"Machado, Manny",2019,26,661,0.796,6,91.2,46.7,26.4,0.0,0.0,0.0,0.0,No
"Moran, Colin",2019,26,503,0.751,3,88.2,53.7,25.3,0.0,0.0,0.0,0.0,No
"Pederson, Joc",2019,27,514,0.877,12,91.2,46.1,26.2,2.0,0.0,0.0,0.0,Yes
"Realmuto, J.T.",2019,28,593,0.821,5,90.3,50.7,28.7,1.0,0.0,0.0,2.0,Yes
"Rosario, Eddie",2019,27,590,0.8,0,89.2,59.3,27.1,1.0,0.0,0.0,1.0,Yes
"Yelich, Christian",2019,27,580,1.1,8,93.3,45.2,28.7,4.0,0.0,0.0,0.0,Yes
"Merrifield, Whit",2019,30,735,0.811,5,87.1,49.3,28.6,0.0,0.0,0.0,0.0,No
"Bogaerts, Xander",2019,26,698,0.939,2,90.7,41.1,28.0,1.0,0.0,0.0,0.0,Yes
"Alberto, Hanser",2019,26,550,0.751,4,84.4,59.1,26.9,0.0,0.0,0.0,0.0,No
"Polanco, Jorge",2019,25,704,0.841,4,88.0,44.9,28.2,2.0,0.0,0.0,0.0,Yes
"Calhoun, Kole",2019,31,632,0.792,7,89.5,48.2,25.9,1.0,0.0,0.0,0.0,Yes
"Eaton, Adam",2019,30,656,0.793,13,88.9,44.6,28.3,2.0,0.0,0.0,0.0,Yes
"Profar, Jurickson",2019,26,518,0.711,8,86.7,45.2,26.8,0.0,0.0,0.0,0.0,No
"Báez, Javier",2019,26,561,0.847,0,91.1,55.5,28.6,0.0,0.0,0.0,0.0,No
"Lindor, Francisco",2019,25,654,0.853,3,91.0,51.4,27.5,0.0,0.0,0.0,0.0,No
"Odor, Rougned",2019,25,581,0.722,5,91.1,47.9,28.0,1.0,0.0,0.0,1.0,Yes
"Story, Trevor",2019,26,656,0.917,7,91.0,48.1,29.2,0.0,0.0,0.0,0.0,No
"Vogelbach, Daniel",2019,26,558,0.78,2,88.8,34.0,24.1,2.0,0.0,0.0,0.0,Yes
"Kepler, Max",2019,26,596,0.855,8,89.7,49.4,27.7,6.0,1.0,0.0,0.0,Yes
"Bradley Jr., Jackie",2019,29,567,0.738,12,90.2,48.1,27.6,0.0,0.0,0.0,0.0,No
"Núñez, Renato",2019,25,599,0.771,10,89.9,49.5,27.1,0.0,0.0,0.0,0.0,No
"Ahmed, Nick",2019,29,625,0.753,4,87.8,49.5,28.2,2.0,0.0,0.0,0.0,Yes
"Anderson, Brian",2019,26,520,0.81,14,89.9,47.5,27.0,0.0,0.0,0.0,0.0,No
"Bell, Josh",2019,26,613,0.936,5,92.4,48.1,26.7,0.0,0.0,0.0,1.0,Yes
"Betts, Mookie",2019,26,706,0.915,3,91.0,38.3,27.9,0.0,0.0,0.0,0.0,No
"Smith, Mallex",2019,26,566,0.635,11,85.2,48.6,29.4,1.0,0.0,0.0,0.0,Yes
"Arcia, Orlando",2019,24,546,0.633,1,87.9,47.7,26.4,0.0,0.0,0.0,0.0,No
"Marte, Ketel",2019,25,628,0.981,4,90.0,47.8,27.9,3.0,0.0,0.0,1.0,Yes
"Turner, Trea",2019,26,569,0.85,3,90.4,46.9,30.3,0.0,0.0,0.0,0.0,No
"Pillar, Kevin",2019,30,645,0.719,9,86.4,58.9,28.0,0.0,0.0,0.0,0.0,No
"Ramírez, José",2019,26,542,0.806,2,89.2,42.5,27.9,0.0,0.0,0.0,0.0,No
"Bregman, Alex",2019,25,690,1.015,9,89.3,35.1,27.4,3.0,0.0,0.0,0.0,Yes
"Seager, Corey",2019,25,541,0.818,4,88.8,51.1,26.9,1.0,0.0,0.0,0.0,Yes
"Reyes, Franmil",2019,23,548,0.822,0,93.3,51.5,26.6,2.0,0.0,0.0,0.0,Yes
"Swanson, Dansby",2019,25,545,0.747,5,89.9,45.9,28.7,1.0,0.0,0.0,0.0,Yes
"Newman, Kevin",2019,25,531,0.799,7,85.3,51.0,28.5,0.0,0.0,0.0,1.0,Yes
"Olson, Matt",2019,25,547,0.896,12,92.7,45.4,26.2,0.0,0.0,0.0,0.0,No
"Alonso, Pete",2019,24,693,0.941,21,90.7,46.6,26.5,0.0,0.0,0.0,0.0,No
"Conforto, Michael",2019,26,648,0.857,10,89.2,45.8,27.5,0.0,0.0,0.0,0.0,No
"Frazier, Adam",2019,27,608,0.753,9,87.1,48.1,27.2,2.0,0.0,0.0,0.0,Yes
"Puig, Yasiel",2019,28,611,0.785,8,90.0,52.6,28.2,1.0,0.0,0.0,0.0,Yes
"Soler, Jorge",2019,27,679,0.923,10,92.6,44.1,27.0,0.0,0.0,0.0,0.0,No
"Meadows, Austin",2019,24,591,0.922,7,90.4,42.2,28.1,0.0,0.0,0.0,0.0,No
"Anderson, Tim",2019,26,518,0.865,3,88.3,58.6,28.7,2.0,0.0,0.0,1.0,Yes
"Bellinger, Cody",2019,23,661,1.035,3,91.1,44.6,28.8,2.0,0.0,0.0,0.0,Yes
"Dozier, Hunter",2019,27,586,0.87,3,91.1,44.7,28.3,1.0,0.0,0.0,1.0,Yes
"Mancini III, Trey",2019,27,679,0.899,9,90.3,48.1,26.7,0.0,0.0,0.0,0.0,No
"McMahon, Ryan",2019,24,539,0.779,1,91.9,49.6,26.4,0.0,0.0,0.0,0.0,No
"Rosario, Amed",2019,23,655,0.755,3,89.4,52.0,29.2,1.0,0.0,0.0,0.0,Yes
"Adames, Willy",2019,23,584,0.735,3,88.5,47.0,28.3,0.0,0.0,0.0,0.0,No
"Benintendi, Andrew",2019,24,615,0.774,7,89.1,51.4,27.1,6.0,0.0,0.0,0.0,Yes
"McNeil, Jeff",2019,27,567,0.915,21,89.0,60.1,27.2,1.0,0.0,0.0,1.0,Yes
"Albies, Ozzie",2019,22,702,0.852,4,88.9,55.6,28.6,0.0,0.0,0.0,0.0,No
"Robles, Victor",2019,22,617,0.745,25,83.3,49.9,29.2,3.0,0.0,0.0,0.0,Yes
"Devers, Rafael",2019,22,702,0.916,4,92.5,55.0,27.1,1.0,0.0,0.0,0.0,Yes
"Jiménez, Eloy",2019,22,504,0.828,4,91.2,49.9,27.7,0.0,0.0,0.0,0.0,No
"Torres, Gleyber",2019,22,604,0.872,3,89.1,51.8,26.5,4.0,0.0,0.0,1.0,Yes
"Chapman, Matt",2019,26,670,0.848,11,92.7,42.0,28.1,1.0,0.0,0.0,0.0,Yes
"Hoskins, Rhys",2019,26,705,0.818,11,89.7,39.2,25.9,1.0,0.0,0.0,0.0,Yes
"Schwarber, Kyle",2019,26,610,0.87,5,93.5,43.3,27.1,0.0,0.0,0.0,0.0,No
"DeJong, Paul",2019,25,664,0.762,13,87.0,48.8,27.6,0.0,0.0,0.0,0.0,No
"Moncada, Yoán",2019,24,559,0.915,4,93.1,47.5,27.8,0.0,0.0,0.0,0.0,No
"Acuña Jr., Ronald",2019,21,715,0.883,9,90.6,45.5,29.3,0.0,0.0,0.0,0.0,No
"Fletcher, David",2019,25,653,0.734,0,83.8,36.3,27.5,1.0,0.0,0.0,0.0,Yes
"Guerrero Jr., Vladimir",2019,20,514,0.772,2,89.4,46.8,26.3,0.0,0.0,0.0,0.0,No
"Soto, Juan",2019,20,659,0.949,3,92.0,40.8,27.3,1.0,0.0,0.0,1.0,Yes
"Reynolds, Bryan",2019,24,546,0.88,6,89.5,48.0,28.1,2.0,0.0,0.0,1.0,Yes
"Cabrera, Miguel",2020,37,231,0.746,1,93.2,47.7,23.1,0.0,0.0,0.0,0.0,No
"Cruz Jr., Nelson",2020,39,214,0.992,4,91.6,47.6,25.1,0.0,0.0,0.0,0.0,No
"Peralta, David",2020,32,218,0.772,0,89.2,46.6,27.1,0.0,0.0,0.0,0.0,No
"Longoria, Evan",2020,34,209,0.722,2,91.7,45.0,26.6,1.0,0.0,0.0,0.0,Yes
"Cabrera, Asdrúbal",2020,34,213,0.752,0,89.5,46.1,24.9,0.0,0.0,0.0,0.0,No
"Blackmon, Charlie",2020,33,247,0.804,2,86.9,50.2,26.9,1.0,0.0,0.0,0.0,Yes
"Solano, Donovan",2020,32,203,0.828,2,88.5,51.9,26.6,1.0,0.0,0.0,0.0,Yes
"McCutchen, Andrew",2020,33,241,0.757,1,89.7,40.6,27.5,0.0,0.0,0.0,0.0,No
"Votto, Joey",2020,36,223,0.8,0,87.4,36.2,25.3,0.0,0.0,0.0,0.0,No
"Santana, Carlos",2020,34,255,0.699,1,88.0,36.3,25.6,0.0,0.0,0.0,0.0,No
"Brantley Jr., Michael",2020,33,187,0.84,0,88.7,39.9,26.3,0.0,0.0,0.0,0.0,No
"Gurriel, Yuli",2020,36,230,0.658,2,89.3,48.8,27.2,0.0,0.0,0.0,0.0,No
"Escobar, Eduardo",2020,31,222,0.605,2,88.6,51.4,27.9,0.0,0.0,0.0,0.0,No
"Martinez, J.D.",2020,32,237,0.68,2,89.5,51.9,25.9,0.0,0.0,0.0,0.0,No
"Reddick, Josh",2020,33,210,0.694,0,85.9,46.5,26.3,0.0,0.0,0.0,0.0,No
"Goldschmidt, Paul",2020,32,231,0.883,1,89.2,40.6,26.4,0.0,0.0,0.0,0.0,No
"Gonzalez, Marwin",2020,31,199,0.606,3,89.2,43.0,25.6,1.0,0.0,0.0,0.0,Yes
"Altuve, Jose",2020,30,210,0.63,1,86.7,50.0,28.4,0.0,0.0,0.0,1.0,Yes
"Hernández, César",2020,30,261,0.763,2,89.1,43.6,28.4,0.0,0.0,0.0,0.0,No
"Segura, Jean",2020,30,217,0.769,1,87.7,46.8,28.3,2.0,0.0,0.0,0.0,Yes
"Marte, Starling",2020,31,250,0.77,9,87.1,52.7,28.4,1.0,0.0,0.0,1.0,Yes
"Freeman, Freddie",2020,30,262,1.102,3,92.4,48.2,26.3,0.0,0.0,0.0,0.0,No
"Grandal, Yasmani",2020,31,194,0.773,1,90.3,34.1,23.6,3.0,0.0,0.0,0.0,Yes
"LeMahieu, DJ",2020,31,216,1.011,2,91.3,44.1,26.0,0.0,0.0,0.0,0.0,No
"Rizzo, Anthony",2020,30,243,0.756,10,87.7,42.5,25.0,0.0,0.0,0.0,0.0,No
"Flores, Wilmer",2020,28,213,0.83,1,87.9,48.0,25.0,0.0,0.0,0.0,0.0,No
"García, Avisaíl",2020,29,207,0.659,6,87.4,54.6,28.0,0.0,0.0,0.0,0.0,No
"Ozuna, Marcell",2020,29,267,1.067,0,93.0,46.3,27.2,0.0,0.0,0.0,0.0,No
"Villar, Jonathan",2020,29,207,0.593,0,86.7,51.6,27.0,0.0,0.0,0.0,0.0,No
"Aguilar, Jesús",2020,30,216,0.809,1,89.3,47.3,24.7,0.0,0.0,0.0,0.0,No
"Crawford, Brandon",2020,33,193,0.791,4,88.7,54.6,25.7,1.0,0.0,0.0,0.0,Yes
"Grossman, Robbie",2020,30,192,0.826,5,89.0,43.4,27.4,0.0,0.0,0.0,0.0,No
"Hicks, Aaron",2020,30,211,0.793,1,88.2,39.4,27.5,0.0,0.0,0.0,0.0,No
"Rendon, Anthony",2020,30,232,0.915,5,90.1,40.5,26.4,1.0,0.0,0.0,0.0,Yes
"Semien, Marcus",2020,29,236,0.679,0,86.2,44.1,28.1,1.0,0.0,0.0,0.0,Yes
"Springer III, George",2020,30,222,0.899,5,88.7,47.7,28.1,0.0,0.0,0.0,0.0,No
"Vázquez, Christian",2020,29,189,0.801,0,88.4,47.6,25.0,0.0,0.0,0.0,0.0,No
"Wong, Kolten",2020,29,208,0.676,4,86.5,43.9,26.7,1.0,0.0,0.0,0.0,Yes
"Gregorius, Didi",2020,30,237,0.827,4,83.8,53.5,27.2,0.0,0.0,0.0,0.0,No
"Grichuk, Randal",2020,28,231,0.793,0,88.9,51.7,27.7,1.0,0.0,0.0,0.0,Yes
"Trout, Mike",2020,28,241,0.993,3,93.7,36.7,28.8,0.0,0.0,0.0,0.0,No
"Ruiz, Rio",2020,26,204,0.713,0,87.9,52.0,25.2,1.0,0.0,0.0,0.0,Yes
"Harper, Bryce",2020,27,244,0.962,2,92.5,45.9,27.8,0.0,0.0,0.0,0.0,No
"Abreu, José",2020,33,262,0.987,3,92.9,48.5,26.8,0.0,0.0,0.0,0.0,No
"Suárez, Eugenio",2020,28,231,0.782,2,89.1,41.7,26.0,0.0,0.0,0.0,0.0,No
"González, Erik",2020,28,193,0.614,0,88.5,53.4,27.3,0.0,0.0,0.0,0.0,No
"Arenado, Nolan",2020,29,201,0.737,0,87.8,48.1,24.8,1.0,0.0,0.0,1.0,Yes
"Muncy, Max",2020,29,248,0.72,4,88.5,36.6,27.3,0.0,0.0,0.0,0.0,No
"Myers, Wil",2020,29,218,0.959,2,91.0,42.6,28.2,2.0,0.0,0.0,0.0,Yes
"Pollock, AJ",2020,32,210,0.88,0,89.6,47.7,28.2,0.0,0.0,0.0,0.0,No
"Seager, Kyle",2020,32,248,0.788,7,89.1,40.3,25.7,0.0,0.0,0.0,0.0,No
"Voit III, Luke",2020,29,234,0.948,3,88.9,52.1,24.9,0.0,0.0,0.0,0.0,No
"Walker, Christian",2020,29,243,0.792,3,90.4,51.8,26.9,0.0,0.0,0.0,0.0,No
"Dickerson, Corey",2020,31,210,0.713,0,85.7,53.4,27.0,0.0,0.0,0.0,0.0,No
"Yastrzemski, Mike",2020,29,225,0.968,3,88.2,39.1,27.5,1.0,0.0,0.0,0.0,Yes
"Contreras, Willson",2020,28,225,0.763,14,89.8,47.9,27.3,0.0,0.0,0.0,0.0,No
"Canha, Mark",2020,31,243,0.795,10,89.7,38.0,27.5,0.0,0.0,0.0,0.0,No
"Castellanos, Nick",2020,28,242,0.784,4,91.0,51.8,27.7,0.0,0.0,0.0,0.0,No
"Machado, Manny",2020,27,254,0.95,0,90.2,46.7,26.4,0.0,0.0,0.0,0.0,No
"Moran, Colin",2020,27,200,0.797,2,91.9,49.9,24.2,0.0,0.0,0.0,1.0,Yes
"Realmuto, J.T.",2020,29,195,0.84,6,90.2,45.3,28.2,1.0,0.0,0.0,0.0,Yes
"Rosario, Eddie",2020,28,231,0.792,0,87.5,51.9,27.0,1.0,0.0,0.0,0.0,Yes
"Yelich, Christian",2020,28,247,0.786,1,94.0,34.6,28.2,0.0,0.0,0.0,0.0,No
"Merrifield, Whit",2020,31,265,0.765,4,86.1,49.3,28.5,0.0,0.0,0.0,0.0,No
"Bogaerts, Xander",2020,27,225,0.866,0,89.0,43.6,27.6,1.0,0.0,0.0,0.0,Yes
"Alberto, Hanser",2020,27,231,0.699,3,82.3,62.9,26.8,1.0,0.0,0.0,0.0,Yes
"Polanco, Jorge",2020,26,226,0.658,1,86.6,43.7,27.8,1.0,0.0,0.0,0.0,Yes
"Sanó, Miguel",2020,27,205,0.756,1,95.2,47.3,26.4,0.0,0.0,0.0,0.0,No
"Calhoun, Kole",2020,32,228,0.864,6,89.4,46.8,26.0,0.0,0.0,0.0,0.0,No
"Duvall, Adam",2020,31,209,0.833,3,88.1,49.0,27.9,1.0,0.0,0.0,0.0,Yes
"Profar, Jurickson",2020,27,202,0.771,4,87.2,47.1,27.0,0.0,0.0,0.0,0.0,No
"Báez, Javier",2020,27,235,0.598,4,89.4,53.2,27.9,0.0,0.0,0.0,0.0,No
"Lindor, Francisco",2020,26,266,0.75,4,89.9,48.9,27.4,0.0,0.0,0.0,0.0,No
"Story, Trevor",2020,27,259,0.874,0,89.9,45.8,28.9,0.0,0.0,0.0,0.0,No
"Kepler, Max",2020,27,196,0.76,2,88.5,44.8,28.0,0.0,0.0,0.0,0.0,No
"Franco, Maikel",2020,27,243,0.778,0,86.7,49.9,24.7,0.0,0.0,0.0,0.0,No
"Bradley Jr., Jackie",2020,30,217,0.814,2,88.4,45.3,27.3,0.0,0.0,0.0,0.0,No
"La Stella, Tommy",2020,31,228,0.819,2,88.0,38.1,25.5,0.0,0.0,0.0,0.0,No
"Núñez, Renato",2020,26,216,0.816,3,86.3,52.1,26.6,0.0,0.0,0.0,0.0,No
"Candelario, Jeimer",2020,26,206,0.872,1,90.2,45.0,26.8,0.0,0.0,0.0,0.0,No
"Ahmed, Nick",2020,30,217,0.729,0,87.7,48.2,28.1,0.0,0.0,0.0,0.0,No
"Anderson, Brian",2020,27,229,0.81,6,87.4,49.1,26.4,0.0,0.0,0.0,0.0,No
"Bell, Josh",2020,27,223,0.669,2,91.7,45.9,26.2,0.0,0.0,0.0,0.0,No
"Betts, Mookie",2020,27,246,0.928,2,90.7,40.5,28.3,0.0,0.0,0.0,0.0,No
"Davis, J.D.",2020,27,229,0.76,7,90.1,44.9,27.2,1.0,0.0,0.0,0.0,Yes
"Arcia, Orlando",2020,25,189,0.733,1,89.0,46.8,26.1,0.0,0.0,0.0,0.0,No
"Tapia, Raimel",2020,26,206,0.771,2,85.3,51.1,28.1,1.0,0.0,0.0,0.0,Yes
"Hernández, Teoscar",2020,27,207,0.919,1,93.3,46.4,28.2,0.0,0.0,0.0,0.0,No
"Marte, Ketel",2020,26,195,0.732,4,89.2,45.0,27.6,0.0,0.0,0.0,0.0,No
"Nimmo, Brandon",2020,27,225,0.888,6,87.2,41.6,27.9,0.0,0.0,0.0,0.0,No
"Turner, Trea",2020,27,259,0.982,2,90.5,46.9,29.9,1.0,0.0,0.0,0.0,Yes
"Pillar, Kevin",2020,31,223,0.798,2,87.1,51.9,27.8,0.0,0.0,0.0,0.0,No
"Ramírez, José",2020,27,254,0.993,3,88.7,41.4,27.2,0.0,0.0,0.0,0.0,No
"Gallo, Joey",2020,26,226,0.679,4,91.2,43.6,27.1,1.0,0.0,0.0,0.0,Yes
"Seager, Corey",2020,26,232,0.943,1,93.2,55.6,27.1,2.0,0.0,0.0,0.0,Yes
"Mondesi, Adalberto",2020,24,233,0.71,1,90.6,54.5,29.4,0.0,0.0,0.0,0.0,No
"Reyes, Franmil",2020,24,241,0.794,1,92.4,46.0,26.2,0.0,0.0,0.0,0.0,No
"Swanson, Dansby",2020,26,264,0.809,4,89.1,47.2,28.4,0.0,0.0,0.0,0.0,No
"Taylor, Chris",2020,29,214,0.842,2,88.0,44.9,28.4,1.0,0.0,0.0,0.0,Yes
"Correa, Carlos",2020,25,221,0.709,3,88.8,47.1,27.2,0.0,0.0,0.0,0.0,No
"Olson, Matt",2020,26,245,0.734,1,92.3,42.7,26.0,0.0,0.0,0.0,0.0,No
"Reyes, Victor",2020,25,213,0.706,2,90.0,54.2,27.9,0.0,0.0,0.0,0.0,No
"Alonso, Pete",2020,25,239,0.816,6,90.2,46.1,26.2,0.0,0.0,0.0,0.0,No
"Biggio, Cavan",2020,25,265,0.807,3,87.4,36.3,27.7,0.0,0.0,0.0,0.0,No
"Conforto, Michael",2020,27,233,0.927,7,88.4,44.2,26.9,1.0,0.0,0.0,0.0,Yes
"Frazier, Adam",2020,28,230,0.661,3,85.5,46.2,27.2,0.0,0.0,0.0,0.0,No
"Cronenworth, Jake",2020,26,192,0.831,1,89.8,39.8,28.7,0.0,0.0,0.0,0.0,No
"Anderson, Tim",2020,27,221,0.886,2,87.2,55.2,28.7,0.0,0.0,0.0,0.0,No
"Bellinger, Cody",2020,24,243,0.788,0,89.3,47.6,28.6,1.0,0.0,0.0,0.0,Yes
"Crawford, J.P.",2020,25,232,0.674,3,85.8,41.1,26.8,0.0,0.0,0.0,0.0,No
"Dozier, Hunter",2020,28,186,0.736,1,86.4,41.9,27.9,0.0,0.0,0.0,0.0,No
"Lewis, Kyle",2020,24,242,0.801,0,88.3,43.2,28.0,0.0,0.0,0.0,0.0,No
"McMahon, Ryan",2020,25,193,0.714,2,90.1,47.3,26.0,0.0,0.0,0.0,0.0,No
"Smith, Dominic",2020,25,199,0.993,5,89.8,51.9,25.9,0.0,0.0,0.0,0.0,No
"Adames, Willy",2020,24,205,0.813,0,88.8,46.2,28.2,0.0,0.0,0.0,0.0,No
"Kiner-Falefa, Isiah",2020,25,228,0.699,2,87.2,47.4,28.1,1.0,0.0,0.0,0.0,Yes
"McNeil, Jeff",2020,28,209,0.837,3,86.6,57.0,27.1,2.0,0.0,0.0,0.0,Yes
"Robles, Victor",2020,23,189,0.608,9,82.2,50.3,28.0,1.0,0.0,0.0,0.0,Yes
"Devers, Rafael",2020,23,248,0.793,3,93.0,55.0,26.7,1.0,0.0,0.0,0.0,Yes
"Jiménez, Eloy",2020,23,226,0.891,0,92.4,54.4,27.2,0.0,0.0,0.0,0.0,No
"Schwarber, Kyle",2020,27,224,0.701,3,92.8,42.9,26.9,0.0,0.0,0.0,0.0,No
"Verdugo, Alex",2020,24,221,0.845,2,87.0,42.8,27.6,1.0,0.0,0.0,0.0,Yes
"White, Evan",2020,24,202,0.598,1,91.7,43.8,28.2,2.0,0.0,0.0,0.0,Yes
"Laureano, Ramón",2020,25,222,0.704,12,87.7,40.2,27.8,0.0,0.0,0.0,0.0,No
"Moncada, Yoán",2020,25,231,0.705,1,87.8,43.1,27.5,0.0,0.0,0.0,0.0,No
"Acuña Jr., Ronald",2020,22,202,0.987,4,92.4,40.5,29.1,0.0,0.0,0.0,0.0,No
"Riley, Austin",2020,23,206,0.716,1,91.0,54.2,26.8,2.0,0.0,0.0,0.0,Yes
"Tucker, Kyle",2020,23,228,0.837,0,91.1,50.5,27.6,0.0,0.0,0.0,0.0,No
"Grisham, Trent",2020,23,252,0.808,3,88.3,38.3,29.1,0.0,0.0,0.0,0.0,No
"Happ, Ian",2020,25,231,0.866,2,91.1,43.5,27.1,2.0,0.0,0.0,0.0,Yes
"Lowe, Brandon",2020,25,224,0.916,4,89.8,46.9,27.4,0.0,0.0,0.0,0.0,No
"Fletcher, David",2020,26,230,0.801,0,84.7,37.2,27.3,0.0,0.0,0.0,1.0,Yes
"Tatis Jr., Fernando",2020,21,257,0.937,5,95.9,47.0,29.3,0.0,0.0,0.0,0.0,No
"Guerrero Jr., Vladimir",2020,21,243,0.791,2,92.5,47.9,25.3,0.0,0.0,0.0,0.0,No
"Soto, Juan",2020,21,196,1.185,1,92.1,36.2,26.3,1.0,0.0,0.0,0.0,Yes
"Gurriel Jr., Lourdes",2020,26,224,0.882,0,90.8,51.2,26.3,0.0,0.0,0.0,0.0,No
"Reynolds, Bryan",2020,25,208,0.632,1,87.5,46.8,28.2,0.0,0.0,0.0,0.0,No
"Edman, Tommy",2020,25,227,0.685,5,86.5,42.7,28.9,0.0,0.0,0.0,0.0,No
"Solak, Nick",2020,25,233,0.67,2,89.9,43.8,28.6,0.0,0.0,0.0,0.0,No
"Hiura, Keston",2020,23,246,0.707,11,87.4,50.1,27.0,0.0,0.0,0.0,0.0,No
"Lopez, Nicky",2020,25,192,0.552,2,84.9,44.6,27.7,1.0,0.0,0.0,0.0,Yes
"Robert Jr., Luis",2020,22,227,0.738,1,87.9,57.6,29.1,0.0,0.0,0.0,0.0,No
"Cabrera, Miguel",2021,38,526,0.702,5,91.4,49.4,24.0,3.0,0.0,0.0,0.0,Yes
"Cruz Jr., Nelson",2021,40,584,0.831,7,92.9,51.0,26.0,0.0,0.0,0.0,0.0,No
"Peralta, David",2021,33,538,0.727,3,89.3,46.5,27.6,0.0,0.0,0.0,0.0,No
"Blackmon, Charlie",2021,34,582,0.762,11,87.6,47.3,27.6,1.0,0.0,0.0,0.0,Yes
"McCutchen, Andrew",2021,34,574,0.778,4,88.8,41.7,28.7,0.0,0.0,0.0,0.0,No
"Turner, Justin",2021,36,612,0.832,12,90.9,44.5,25.8,1.0,0.0,0.0,1.0,Yes
"Votto, Joey",2021,37,533,0.938,4,92.9,43.9,25.2,1.0,0.0,0.0,0.0,Yes
"Andrus, Elvis",2021,32,541,0.614,6,87.8,48.9,26.7,2.0,0.0,0.0,0.0,Yes
"Santana, Carlos",2021,35,659,0.661,3,89.9,43.4,25.0,2.0,0.0,1.0,0.0,Yes
"Lowrie, Jed",2021,37,512,0.716,2,90.7,46.7,25.3,0.0,0.0,0.0,1.0,Yes
"Brantley Jr., Michael",2021,34,508,0.799,5,89.5,45.6,25.7,0.0,0.0,0.0,0.0,No
"Gurriel, Yuli",2021,37,605,0.845,4,89.8,42.8,27.0,0.0,0.0,0.0,0.0,No
"Rojas, Miguel",2021,32,539,0.714,5,86.2,45.7,26.6,5.0,0.0,0.0,0.0,Yes
"Escobar, Eduardo",2021,32,599,0.786,1,87.0,49.5,27.4,1.0,0.0,0.0,0.0,Yes
"Pham, Tommy",2021,33,561,0.723,4,90.8,38.2,27.8,2.0,0.0,0.0,0.0,Yes
"Martinez, J.D.",2021,33,634,0.867,3,92.1,54.2,26.1,0.0,0.0,0.0,0.0,No
"Goldschmidt, Paul",2021,33,679,0.879,4,92.6,44.2,26.2,1.0,0.0,0.0,0.0,Yes
"Altuve, Jose",2021,31,678,0.839,4,87.7,47.4,28.0,0.0,0.0,0.0,0.0,No
"Hernández, César",2021,31,637,0.694,5,87.4,47.1,28.7,0.0,0.0,0.0,0.0,No
"Segura, Jean",2021,31,567,0.784,9,87.2,48.7,27.3,1.0,0.0,0.0,0.0,Yes
"Marte, Starling",2021,32,526,0.841,13,87.6,49.5,28.5,3.0,0.0,0.0,0.0,Yes
"Donaldson, Josh",2021,35,543,0.827,4,94.1,45.2,24.6,4.0,0.0,0.0,0.0,Yes
"Freeman, Freddie",2021,31,695,0.896,8,91.4,51.2,26.9,0.0,0.0,0.0,0.0,No
"LeMahieu, DJ",2021,32,679,0.711,4,90.6,41.4,26.6,0.0,0.0,0.0,0.0,No
"Rizzo, Anthony",2021,31,576,0.784,23,90.1,46.5,25.2,3.0,0.0,0.0,0.0,Yes
"Stanton, Giancarlo",2021,31,579,0.87,3,95.1,44.2,24.7,0.0,0.0,0.0,0.0,No
"Perez, Salvador",2021,31,665,0.86,13,93.0,58.9,26.1,1.0,0.0,1.0,0.0,Yes
"García, Avisaíl",2021,30,515,0.82,11,90.4,58.1,28.6,0.0,0.0,0.0,0.0,No
"Villar, Jonathan",2021,30,505,0.738,3,88.0,49.9,27.3,2.0,0.0,0.0,0.0,Yes
"Aguilar, Jesús",2021,31,510,0.788,3,89.6,44.8,24.4,0.0,0.0,0.0,0.0,No
"Crawford, Brandon",2021,34,549,0.895,5,88.8,51.7,25.8,4.0,0.0,0.0,0.0,Yes
"Cron, C.J.",2021,31,547,0.905,13,88.8,47.1,26.0,1.0,0.0,0.0,1.0,Yes
"Grossman, Robbie",2021,31,671,0.772,8,87.8,38.4,27.7,2.0,0.0,0.0,0.0,Yes
"Harrison, Josh",2021,33,558,0.741,18,87.2,55.4,26.8,4.0,0.0,0.0,0.0,Yes
"Hosmer, Eric",2021,31,565,0.732,5,90.5,48.3,26.0,0.0,0.0,0.0,0.0,No
"Semien, Marcus",2021,30,724,0.872,3,89.7,45.1,28.6,0.0,0.0,0.0,0.0,No
"Grichuk, Randal",2021,29,545,0.704,3,89.8,52.3,28.1,0.0,0.0,0.0,0.0,No
"Harper, Bryce",2021,28,599,1.044,5,92.5,47.5,27.8,6.0,0.0,0.0,0.0,Yes
"Abreu, José",2021,34,659,0.832,22,92.0,48.4,26.5,0.0,0.0,0.0,0.0,No
"Suárez, Eugenio",2021,29,574,0.714,8,89.1,42.7,26.7,0.0,0.0,0.0,0.0,No
"Schoop, Jonathan",2021,29,674,0.755,6,88.1,52.5,27.0,2.0,0.0,0.0,0.0,Yes
"Arenado, Nolan",2021,30,653,0.806,3,89.0,46.8,25.5,0.0,0.0,0.0,0.0,No
"Farmer, Kyle",2021,30,529,0.732,18,87.2,49.9,27.0,2.0,0.0,0.0,1.0,Yes
"Haniger, Mitch",2021,30,691,0.803,9,89.3,46.6,27.2,2.0,0.0,0.0,0.0,Yes
"Hernández, Enrique",2021,29,585,0.786,9,90.8,44.6,27.4,0.0,0.0,0.0,0.0,No
"Muncy, Max",2021,30,592,0.895,11,91.2,37.6,26.7,2.0,0.0,0.0,0.0,Yes
"Seager, Kyle",2021,33,670,0.723,4,89.0,49.6,25.7,2.0,0.0,0.0,0.0,Yes
"Taylor, Michael A.",2021,30,528,0.653,5,89.4,51.9,28.2,0.0,0.0,0.0,0.0,No
"Yastrzemski, Mike",2021,30,532,0.768,9,89.5,45.9,27.4,4.0,0.0,1.0,0.0,Yes
"Iglesias, Jose",2021,31,511,0.7,6,85.4,55.0,28.2,1.0,0.0,0.0,1.0,Yes
"Bryant, Kris",2021,29,586,0.834,9,88.2,48.7,27.9,8.0,0.0,0.0,0.0,Yes
"Canha, Mark",2021,32,625,0.745,27,87.3,40.5,27.8,1.0,0.0,0.0,0.0,Yes
"Castellanos, Nick",2021,29,585,0.938,7,89.8,55.0,27.6,0.0,0.0,0.0,0.0,No
"Judge, Aaron",2021,29,633,0.917,3,95.8,42.5,27.7,3.0,0.0,0.0,0.0,Yes
"Machado, Manny",2021,28,640,0.836,2,93.1,48.0,26.5,1.0,0.0,0.0,0.0,Yes
"Realmuto, J.T.",2021,30,537,0.782,11,89.6,49.5,28.8,6.0,0.0,0.0,1.0,Yes
"Renfroe, Hunter",2021,29,572,0.816,1,90.1,48.2,27.2,1.0,0.0,0.0,0.0,Yes
"Merrifield, Whit",2021,32,720,0.712,4,86.9,50.0,28.6,0.0,0.0,0.0,0.0,No
"Bogaerts, Xander",2021,28,603,0.863,5,89.6,45.7,27.7,3.0,0.0,0.0,0.0,Yes
"Polanco, Jorge",2021,27,644,0.826,5,89.4,49.5,27.9,1.0,0.0,0.0,0.0,Yes
"Sanó, Miguel",2021,28,532,0.778,2,93.4,44.6,26.5,0.0,0.0,0.0,0.0,No
"Duvall, Adam",2021,32,555,0.772,4,89.8,50.0,28.5,3.0,0.0,0.0,0.0,Yes
"Báez, Javier",2021,28,547,0.813,13,90.1,56.9,28.5,0.0,0.0,0.0,0.0,No
"Lindor, Francisco",2021,27,524,0.734,5,90.7,47.4,27.8,0.0,0.0,0.0,0.0,No
"Story, Trevor",2021,28,595,0.8,11,90.6,50.8,28.6,2.0,0.0,0.0,0.0,Yes
"Candelario, Jeimer",2021,27,626,0.794,4,88.7,47.6,27.2,2.0,0.0,0.0,0.0,Yes
"Bell, Josh",2021,28,568,0.823,2,92.5,46.7,26.2,1.0,0.0,0.0,0.0,Yes
"Betts, Mookie",2021,28,550,0.854,11,90.3,40.4,27.2,0.0,0.0,0.0,0.0,No
"Tapia, Raimel",2021,27,533,0.699,1,85.7,51.2,28.3,3.0,0.0,0.0,0.0,Yes
"Hernández, Teoscar",2021,28,595,0.87,7,91.8,51.8,28.5,0.0,0.0,0.0,0.0,No
"Turner, Trea",2021,28,646,0.911,6,89.6,49.2,30.6,1.0,0.0,0.0,0.0,Yes
"Ramírez, José",2021,28,636,0.893,7,90.0,43.0,28.1,0.0,0.0,0.0,0.0,No
"Gallo, Joey",2021,27,616,0.809,6,91.5,40.4,27.4,3.0,0.0,0.0,0.0,Yes
"Swanson, Dansby",2021,27,653,0.76,5,89.3,48.1,28.3,0.0,0.0,0.0,0.0,No
"Newman, Kevin",2021,27,554,0.574,1,85.3,44.9,28.4,0.0,0.0,0.0,0.0,No
"Taylor, Chris",2021,30,582,0.782,8,88.2,45.6,28.8,5.0,0.0,0.0,0.0,Yes
"Correa, Carlos",2021,26,640,0.851,4,90.2,42.1,27.0,0.0,0.0,0.0,0.0,No
"Olson, Matt",2021,27,673,0.911,9,91.6,47.0,25.9,3.0,0.0,0.0,0.0,Yes
"Alonso, Pete",2021,26,637,0.863,12,91.0,49.3,26.0,0.0,0.0,0.0,1.0,Yes
"Frazier, Adam",2021,29,639,0.779,10,85.4,47.6,27.1,0.0,0.0,0.0,0.0,No
"Soler, Jorge",2021,29,602,0.748,6,91.2,44.8,26.9,1.0,0.0,0.0,0.0,Yes
"Cronenworth, Jake",2021,27,643,0.8,10,88.6,43.2,28.5,1.0,0.0,0.0,0.0,Yes
"Meadows, Austin",2021,26,591,0.773,6,89.3,46.7,27.5,0.0,0.0,0.0,0.0,No
"Anderson, Tim",2021,28,551,0.807,1,89.6,57.8,28.2,3.0,0.0,1.0,1.0,Yes
"Crawford, J.P.",2021,26,687,0.714,5,86.3,44.2,27.5,1.0,0.0,0.0,0.0,Yes
"Dozier, Hunter",2021,29,543,0.679,7,89.9,48.8,28.2,3.0,0.0,0.0,0.0,Yes
"Mancini III, Trey",2021,29,616,0.758,8,88.9,47.0,26.5,0.0,0.0,0.0,0.0,No
"McMahon, Ryan",2021,26,596,0.78,4,90.5,48.8,26.2,3.0,0.0,0.0,0.0,Yes
"O'Neill, Tyler",2021,26,537,0.912,13,93.0,49.8,29.6,4.0,0.0,0.0,0.0,Yes
"Rosario, Amed",2021,25,588,0.73,3,88.8,48.9,29.5,1.0,0.0,0.0,0.0,Yes
"Adames, Willy",2021,25,555,0.818,0,89.5,48.9,28.0,4.0,0.0,0.0,0.0,Yes
"Benintendi, Andrew",2021,26,538,0.766,2,89.6,52.5,27.6,1.0,0.0,0.0,0.0,Yes
"Kiner-Falefa, Isiah",2021,26,677,0.669,11,85.5,46.5,28.0,0.0,0.0,0.0,0.0,No
"Albies, Ozzie",2021,24,686,0.798,3,89.6,56.8,28.4,0.0,0.0,0.0,0.0,No
"Devers, Rafael",2021,24,664,0.89,7,92.9,53.6,27.1,2.0,0.0,0.0,0.0,Yes
"Urías, Luis",2021,24,570,0.79,10,87.9,46.3,26.5,0.0,0.0,0.0,0.0,No
"Torres, Gleyber",2021,24,516,0.697,1,87.1,46.7,27.0,2.0,0.0,0.0,0.0,Yes
"Díaz, Yandy",2021,29,541,0.74,3,89.9,42.6,26.6,0.0,0.0,0.0,0.0,No
"Chapman, Matt",2021,28,622,0.717,4,89.7,44.6,28.1,3.0,0.0,0.0,0.0,Yes
"Mullins II, Cedric",2021,26,675,0.878,8,89.4,46.3,28.5,0.0,0.0,0.0,0.0,No
"Smith, Pavin",2021,25,545,0.732,4,87.2,42.1,26.5,0.0,0.0,0.0,0.0,No
"Verdugo, Alex",2021,25,604,0.777,4,90.0,44.7,27.0,4.0,0.0,0.0,0.0,Yes
"Moncada, Yoán",2021,26,616,0.787,10,90.1,42.6,27.8,0.0,0.0,0.0,0.0,No
"Ohtani, Shohei",2021,26,639,0.964,4,93.6,45.8,28.8,0.0,0.0,0.0,0.0,No
"Riley, Austin",2021,24,662,0.898,12,90.1,50.2,27.8,0.0,0.0,0.0,0.0,No
"Mountcastle, Ryan",2021,24,586,0.796,4,89.1,55.1,28.0,2.0,0.0,1.0,0.0,Yes
"Tucker, Kyle",2021,24,567,0.916,1,91.4,52.5,27.4,1.0,0.0,1.0,0.0,Yes
"India, Jonathan",2021,24,631,0.835,23,87.6,39.0,28.5,1.0,0.0,0.0,0.0,Yes
"Grisham, Trent",2021,24,527,0.74,6,88.8,40.5,28.8,0.0,0.0,0.0,0.0,No
"Lowe, Nathaniel",2021,25,642,0.772,2,90.8,44.7,27.3,0.0,0.0,0.0,0.0,No
"Happ, Ian",2021,26,535,0.757,5,89.5,43.9,27.7,0.0,0.0,0.0,1.0,Yes
"France, Ty",2021,26,650,0.813,27,88.5,50.3,25.3,0.0,0.0,0.0,0.0,No
"Lowe, Brandon",2021,26,615,0.863,9,89.3,52.5,27.6,1.0,0.0,0.0,0.0,Yes
"Fletcher, David",2021,27,665,0.621,1,82.3,46.5,27.6,1.0,0.0,0.0,0.0,Yes
"Straw, Myles",2021,26,638,0.697,2,87.1,40.4,29.3,0.0,0.0,0.0,0.0,No
"Walsh, Jared",2021,27,585,0.849,4,89.6,49.3,27.0,0.0,0.0,0.0,0.0,No
"Tatis Jr., Fernando",2021,22,546,0.975,2,93.9,51.5,29.2,0.0,0.0,0.0,0.0,No
"Guerrero Jr., Vladimir",2021,22,698,1.002,6,95.1,47.3,27.0,0.0,0.0,0.0,0.0,No
"Soto, Juan",2021,22,654,0.999,2,93.0,35.0,27.0,1.0,0.0,0.0,0.0,Yes
"Chisholm Jr., Jazz",2021,23,507,0.728,4,90.2,47.2,29.1,0.0,0.0,0.0,0.0,No
"Bichette, Bo",2021,23,690,0.827,6,91.4,57.8,28.0,2.0,0.0,0.0,0.0,Yes
"Carlson, Dylan",2021,22,619,0.78,11,88.2,45.0,27.9,1.0,0.0,0.0,0.0,Yes
"García, Adolis",2021,28,622,0.74,5,91.0,54.1,28.4,0.0,0.0,0.0,0.0,No
"Gurriel Jr., Lourdes",2021,27,541,0.785,2,89.7,50.9,26.7,0.0,0.0,0.0,0.0,No
"Arozarena, Randy",2021,26,604,0.815,14,89.9,44.2,28.7,0.0,0.0,0.0,0.0,No
"Reynolds, Bryan",2021,26,646,0.912,8,89.4,48.9,28.6,1.0,0.0,0.0,0.0,Yes
"Rojas, Josh",2021,27,550,0.752,0,88.2,42.2,27.6,0.0,0.0,0.0,1.0,Yes
"Edman, Tommy",2021,26,691,0.695,6,87.5,47.4,28.9,1.0,0.0,0.0,0.0,Yes
"Solak, Nick",2021,26,511,0.676,15,86.9,46.0,29.0,0.0,0.0,0.0,0.0,No
"Hays, Austin",2021,25,529,0.769,9,88.8,46.4,27.3,0.0,0.0,0.0,1.0,Yes
"Lopez, Nicky",2021,26,565,0.743,4,86.8,45.1,28.2,1.0,0.0,0.0,0.0,Yes
"Alvarez, Yordan",2021,24,598,0.877,8,93.2,43.1,26.4,4.0,0.0,0.0,0.0,Yes
"Cruz Jr., Nelson",2022,41,507,0.65,4,90.9,50.8,25.5,0.0,0.0,0.0,0.0,No
"Blackmon, Charlie",2022,35,577,0.733,8,86.2,51.5,27.8,0.0,0.0,0.0,0.0,No
"McCutchen, Andrew",2022,35,580,0.7,4,89.1,44.9,28.9,0.0,0.0,0.0,0.0,No
"Turner, Justin",2022,37,532,0.788,6,89.5,48.2,25.0,2.0,0.0,0.0,0.0,Yes
"Andrus, Elvis",2022,33,577,0.707,3,87.9,45.6,26.1,1.0,0.0,0.0,0.0,Yes
"Santana, Carlos",2022,36,506,0.692,2,90.7,42.6,25.7,1.0,0.0,0.0,0.0,Yes
"Gurriel, Yuli",2022,38,584,0.648,6,88.2,48.5,26.9,0.0,0.0,0.0,0.0,No
"Rojas, Miguel",2022,33,507,0.606,6,86.1,47.9,26.4,5.0,0.0,0.0,0.0,Yes
"Escobar, Eduardo",2022,33,542,0.725,1,88.3,52.4,27.9,1.0,0.0,0.0,0.0,Yes
"Pham, Tommy",2022,34,622,0.686,7,92.2,42.0,27.9,3.0,0.0,0.0,0.0,Yes
"Martinez, J.D.",2022,34,596,0.789,5,89.1,51.9,26.1,0.0,0.0,0.0,0.0,No
"Goldschmidt, Paul",2022,34,651,0.982,5,90.8,41.7,26.3,1.0,0.0,0.0,0.0,Yes
"Altuve, Jose",2022,32,604,0.92,10,85.9,44.3,28.1,2.0,0.0,1.0,0.0,Yes
"Hernández, César",2022,32,617,0.629,7,84.8,47.5,28.3,0.0,0.0,0.0,0.0,No
"Marte, Starling",2022,33,505,0.815,13,86.8,49.8,28.0,2.0,0.0,0.0,0.0,Yes
"Donaldson, Josh",2022,36,546,0.682,8,90.7,47.3,25.7,0.0,0.0,0.0,0.0,No
"Freeman, Freddie",2022,32,708,0.918,5,91.3,49.3,26.9,0.0,0.0,0.0,0.0,No
"LeMahieu, DJ",2022,33,541,0.734,4,89.2,39.5,26.4,0.0,0.0,0.0,0.0,No
"Rizzo, Anthony",2022,32,548,0.818,23,89.4,46.1,25.5,2.0,0.0,0.0,0.0,Yes
"Flores, Wilmer",2022,30,602,0.71,11,87.8,45.6,25.3,1.0,0.0,0.0,0.0,Yes
"Ozuna, Marcell",2022,31,507,0.687,2,89.4,49.4,26.6,1.0,0.0,0.0,0.0,Yes
"Aguilar, Jesús",2022,32,507,0.66,4,87.7,49.5,24.0,0.0,0.0,0.0,0.0,No
"Cron, C.J.",2022,32,632,0.783,8,88.7,47.7,25.2,3.0,0.0,0.0,0.0,Yes
"Semien, Marcus",2022,31,724,0.733,4,87.3,47.2,28.8,0.0,0.0,0.0,0.0,No
"Springer III, George",2022,32,583,0.814,7,88.7,50.9,28.3,0.0,0.0,0.0,0.0,No
"Grichuk, Randal",2022,30,538,0.724,6,90.0,50.6,28.0,3.0,0.0,0.0,0.0,Yes
"Abreu, José",2022,35,679,0.824,12,92.2,47.3,26.1,0.0,0.0,0.0,0.0,No
"Suárez, Eugenio",2022,30,629,0.791,8,89.8,41.8,25.9,0.0,0.0,0.0,0.0,No
"Urshela, Gio",2022,30,551,0.767,2,88.9,53.1,25.8,0.0,0.0,0.0,0.0,No
"Schoop, Jonathan",2022,30,510,0.561,6,87.0,55.5,27.0,0.0,0.0,0.0,0.0,No
"Arenado, Nolan",2022,31,620,0.891,7,88.8,48.4,25.5,3.0,0.0,0.0,0.0,Yes
"Farmer, Kyle",2022,31,583,0.701,16,85.5,50.3,26.7,5.0,0.0,0.0,0.0,Yes
"Muncy, Max",2022,31,565,0.713,5,90.3,38.6,27.2,0.0,0.0,0.0,0.0,No
"Pollock, AJ",2022,34,527,0.681,2,88.8,53.6,27.8,0.0,0.0,0.0,0.0,No
"Voit III, Luke",2022,31,568,0.71,7,89.8,52.0,24.7,0.0,0.0,0.0,0.0,No
"Walker, Christian",2022,31,667,0.804,8,90.0,44.7,26.6,0.0,0.0,0.0,0.0,No
"Yastrzemski, Mike",2022,31,558,0.697,5,89.9,42.9,27.0,1.0,0.0,0.0,1.0,Yes
"Canha, Mark",2022,33,542,0.77,28,87.7,42.9,27.5,0.0,0.0,0.0,0.0,No
"Castellanos, Nick",2022,30,558,0.694,3,87.5,57.0,27.7,0.0,0.0,0.0,0.0,No
"Drury, Brandon",2022,29,568,0.812,8,89.1,45.9,27.0,1.0,0.0,0.0,0.0,Yes
"Judge, Aaron",2022,30,696,1.111,6,95.9,42.7,27.3,1.0,0.0,0.0,0.0,Yes
"Machado, Manny",2022,29,644,0.897,1,91.5,50.8,26.4,2.0,0.0,0.0,0.0,Yes
"Realmuto, J.T.",2022,31,562,0.82,12,90.3,49.0,28.7,0.0,0.0,0.0,0.0,No
"Renfroe, Hunter",2022,30,522,0.807,4,90.5,47.8,27.1,0.0,0.0,0.0,0.0,No
"Yelich, Christian",2022,30,671,0.738,5,91.5,43.2,28.1,0.0,0.0,0.0,0.0,No
"Merrifield, Whit",2022,33,550,0.673,0,87.1,50.9,28.6,0.0,0.0,0.0,0.0,No
"Bogaerts, Xander",2022,29,631,0.833,10,88.1,45.7,27.9,2.0,0.0,0.0,0.0,Yes
"Profar, Jurickson",2022,29,658,0.722,4,87.5,43.6,26.6,0.0,0.0,0.0,0.0,No
"Báez, Javier",2022,29,590,0.671,6,87.9,55.8,27.9,0.0,0.0,0.0,0.0,No
"Lindor, Francisco",2022,28,706,0.788,10,89.3,47.8,27.6,1.0,0.0,0.0,0.0,Yes
"Bell, Josh",2022,29,647,0.784,5,88.9,45.3,26.2,1.0,0.0,0.0,0.0,Yes
"Betts, Mookie",2022,29,639,0.873,8,90.5,44.2,27.4,0.0,0.0,0.0,0.0,No
"Hernández, Teoscar",2022,29,535,0.807,2,92.6,48.8,28.6,0.0,0.0,0.0,0.0,No
"Marte, Ketel",2022,28,558,0.728,6,90.1,46.1,27.0,3.0,0.0,0.0,0.0,Yes
"Nimmo, Brandon",2022,29,673,0.8,16,89.4,43.8,28.6,2.0,0.0,0.0,0.0,Yes
"Turner, Trea",2022,29,708,0.809,3,88.9,51.2,30.3,0.0,0.0,0.0,0.0,No
"Ramírez, José",2022,29,685,0.869,6,87.7,46.3,28.5,0.0,0.0,0.0,0.0,No
"Bregman, Alex",2022,28,656,0.82,11,88.9,40.3,26.6,0.0,0.0,0.0,0.0,No
"Seager, Corey",2022,28,663,0.772,7,91.1,54.5,26.2,2.0,0.0,0.0,0.0,Yes
"Winker, Jesse",2022,28,547,0.688,4,87.7,43.3,25.6,4.0,0.0,0.0,0.0,Yes
"Swanson, Dansby",2022,28,696,0.776,3,90.2,49.4,28.4,0.0,0.0,0.0,0.0,No
"Correa, Carlos",2022,27,590,0.833,3,89.9,44.4,27.1,1.0,0.0,0.0,1.0,Yes
"Ward, Taylor",2022,28,564,0.833,4,90.0,41.4,28.4,2.0,0.0,0.0,0.0,Yes
"Wisdom, Patrick",2022,30,534,0.724,9,90.7,48.1,27.8,1.0,0.0,0.0,0.0,Yes
"Olson, Matt",2022,28,699,0.802,4,92.9,49.5,26.3,0.0,0.0,0.0,0.0,No
"Mateo, Jorge",2022,27,533,0.646,5,86.8,53.9,30.1,1.0,0.0,0.0,0.0,Yes
"Santander, Anthony",2022,27,647,0.773,13,90.1,47.7,26.6,0.0,0.0,0.0,0.0,No
"Alonso, Pete",2022,27,685,0.87,12,89.8,49.9,25.7,1.0,0.0,0.0,0.0,Yes
"Frazier, Adam",2022,30,602,0.612,5,85.1,48.7,26.8,0.0,0.0,0.0,0.0,No
"Cronenworth, Jake",2022,28,684,0.722,16,87.6,41.8,28.2,0.0,0.0,0.0,0.0,No
"Bellinger, Cody",2022,26,550,0.654,2,89.4,49.9,28.1,2.0,0.0,0.0,0.0,Yes
"Crawford, J.P.",2022,27,603,0.675,10,85.1,41.3,26.9,5.0,0.0,0.0,0.0,Yes
"Mancini III, Trey",2022,30,587,0.71,10,89.5,48.1,25.6,0.0,0.0,0.0,0.0,No
"McMahon, Ryan",2022,27,597,0.741,5,91.7,45.2,25.8,0.0,0.0,0.0,0.0,No
"Tellez, Rowdy",2022,27,599,0.767,5,91.1,43.5,24.0,0.0,0.0,0.0,0.0,No
"Rosario, Amed",2022,26,670,0.715,4,88.4,53.1,29.4,1.0,0.0,0.0,0.0,Yes
"Adames, Willy",2022,26,617,0.756,1,88.9,49.6,27.8,0.0,0.0,0.0,0.0,No
"Estrada, Thairo",2022,26,541,0.722,14,86.2,49.2,28.2,0.0,0.0,0.0,0.0,No
"Benintendi, Andrew",2022,27,521,0.772,2,89.2,48.2,27.6,1.0,0.0,0.0,0.0,Yes
"Kemp, Tony",2022,30,558,0.641,8,84.4,48.9,26.3,0.0,0.0,0.0,0.0,No
"Kiner-Falefa, Isiah",2022,27,531,0.641,5,86.2,44.7,28.4,2.0,0.0,0.0,0.0,Yes
"McNeil, Jeff",2022,30,589,0.836,11,86.9,53.8,27.4,1.0,0.0,0.0,0.0,Yes
"Devers, Rafael",2022,25,614,0.879,6,93.1,54.6,25.6,2.0,0.0,0.0,0.0,Yes
"Arraez, Luis",2022,25,603,0.795,3,88.9,42.9,26.9,2.0,0.0,1.0,0.0,Yes
"Torres, Gleyber",2022,25,572,0.761,3,90.4,49.6,26.9,2.0,0.0,0.0,0.0,Yes
"Díaz, Yandy",2022,30,558,0.824,6,92.2,41.3,27.1,0.0,0.0,0.0,0.0,No
"Rengifo, Luis",2022,25,511,0.723,4,86.9,55.7,27.9,0.0,0.0,0.0,0.0,No
"Chapman, Matt",2022,29,621,0.757,10,92.2,41.7,28.4,2.0,0.0,0.0,0.0,Yes
"Hoskins, Rhys",2022,29,672,0.794,6,90.1,41.9,25.9,1.0,0.0,0.0,0.0,Yes
"Mullins II, Cedric",2022,27,672,0.721,9,88.8,51.3,28.5,0.0,0.0,0.0,0.0,No
"Schwarber, Kyle",2022,29,669,0.827,4,93.3,40.6,26.4,0.0,0.0,0.0,0.0,No
"Thomas, Lane",2022,26,548,0.705,4,86.4,44.1,29.4,0.0,0.0,0.0,0.0,No
"Verdugo, Alex",2022,26,644,0.733,3,89.1,45.3,26.8,3.0,0.0,0.0,0.0,Yes
"Ohtani, Shohei",2022,27,666,0.875,5,92.9,49.3,28.2,0.0,0.0,0.0,0.0,No
"Acuña Jr., Ronald",2022,24,533,0.764,10,91.2,47.9,28.5,0.0,0.0,0.0,0.0,No
"Varsho, Daulton",2022,25,592,0.745,7,87.7,50.6,28.0,2.0,0.0,0.0,0.0,Yes
"Hoerner, Nico",2022,25,517,0.737,6,87.2,49.2,29.1,0.0,1.0,0.0,1.0,Yes
"Riley, Austin",2022,25,693,0.877,17,92.5,51.5,27.8,0.0,0.0,0.0,0.0,No
"Mountcastle, Ryan",2022,25,609,0.728,4,91.3,56.2,27.5,3.0,0.0,1.0,0.0,Yes
"Hayes, Ke'Bryan",2022,25,560,0.659,5,91.0,43.3,27.9,4.0,0.0,0.0,0.0,Yes
"Tucker, Kyle",2022,25,609,0.808,1,90.0,52.7,26.7,2.0,0.0,0.0,0.0,Yes
"Grisham, Trent",2022,25,524,0.625,7,88.3,38.7,28.8,0.0,0.0,0.0,0.0,No
"Rodgers, Brendan",2022,25,581,0.733,3,90.0,49.4,26.7,2.0,0.0,0.0,0.0,Yes
"Lowe, Nathaniel",2022,26,645,0.85,4,90.2,52.2,27.1,0.0,0.0,0.0,0.0,No
"Happ, Ian",2022,27,641,0.782,6,89.7,49.0,27.9,1.0,0.0,0.0,0.0,Yes
"France, Ty",2022,27,613,0.774,21,87.6,52.5,24.8,1.0,0.0,0.0,0.0,Yes
"Straw, Myles",2022,27,596,0.564,1,87.0,40.5,29.3,0.0,0.0,0.0,0.0,No
"Bohm, Alec",2022,25,631,0.713,4,90.2,51.2,27.0,1.0,0.0,0.0,0.0,Yes
"Brown, Seth",2022,29,555,0.749,3,89.2,48.3,27.8,0.0,0.0,0.0,0.0,No
"Peña, Jeremy",2022,24,558,0.715,6,88.1,55.2,29.4,0.0,0.0,0.0,0.0,No
"Guerrero Jr., Vladimir",2022,23,706,0.819,6,92.8,49.7,26.7,0.0,0.0,0.0,0.0,No
"Soto, Juan",2022,23,664,0.853,4,91.0,35.5,26.6,2.0,0.0,0.0,0.0,Yes
"Giménez, Andrés",2022,23,557,0.837,25,87.8,53.7,29.3,0.0,0.0,0.0,0.0,No
"Bichette, Bo",2022,24,697,0.802,2,91.9,55.9,27.5,1.0,0.0,0.0,0.0,Yes
"García, Adolis",2022,29,657,0.756,6,92.1,53.5,27.9,0.0,0.0,0.0,0.0,No
"Arozarena, Randy",2022,27,645,0.772,11,89.9,46.1,28.8,1.0,0.0,0.0,0.0,Yes
"Reynolds, Bryan",2022,27,614,0.806,14,90.2,50.4,28.2,0.0,0.0,0.0,0.0,No
"Rojas, Josh",2022,28,510,0.74,2,88.8,41.0,27.3,1.0,0.0,0.0,0.0,Yes
"Melendez Jr., MJ",2022,23,534,0.706,1,90.7,44.6,27.8,0.0,0.0,0.0,0.0,No
"Murphy, Sean",2022,27,612,0.758,13,88.7,49.3,26.1,0.0,0.0,0.0,0.0,No
"Edman, Tommy",2022,27,630,0.724,5,88.6,47.0,28.7,1.0,0.0,0.0,0.0,Yes
"Smith, Will",2022,27,578,0.808,10,89.9,42.6,27.5,2.0,0.0,0.0,0.0,Yes
"Hays, Austin",2022,26,582,0.719,10,87.7,51.0,27.8,4.0,0.0,0.0,0.0,Yes
"Alvarez, Yordan",2022,25,561,1.019,6,95.2,42.7,26.6,5.0,0.0,0.0,1.0,Yes
"Kirk, Alejandro",2022,23,541,0.787,4,90.5,41.0,24.2,1.0,0.0,0.0,0.0,Yes
"Kim, Ha-Seong",2022,26,582,0.708,7,86.7,43.3,28.4,0.0,0.0,0.0,0.0,No
"Rodríguez, Julio",2022,21,560,0.854,8,92.0,50.2,29.7,0.0,0.0,0.0,0.0,No
"Witt Jr., Bobby",2022,22,632,0.722,6,89.7,51.8,30.3,0.0,0.0,0.0,0.0,No
"Kwan, Steven",2022,24,638,0.773,7,85.1,38.1,28.4,2.0,0.0,0.0,0.0,Yes
"Vaughn, Andrew",2022,24,555,0.75,9,90.8,47.0,26.2,1.0,0.0,0.0,1.0,Yes
